<annotation>
	<folder></folder>
	<filename>0000_random-134-_jpg.rf.1a643d6150d09c61d533a171e67dd498.jpg</filename>
	<path>0000_random-134-_jpg.rf.1a643d6150d09c61d533a171e67dd498.jpg</path>
	<source>
		<database>roboflow.com</database>
	</source>
	<size>
		<width>256</width>
		<height>256</height>
		<depth>3</depth>
	</size>
	<segmented>0</segmented>
	<object>
		<name>document</name>
		<pose>Unspecified</pose>
		<truncated>0</truncated>
		<difficult>0</difficult>
		<occluded>0</occluded>
		<bndbox>
			<xmin>42</xmin>
			<xmax>209</xmax>
			<ymin>44</ymin>
			<ymax>215</ymax>
		</bndbox>
		<polygon>
			<x1>45.94426</x1>
			<y1>60.899925</y1>
			<x2>40.77255</x2>
			<y2>62.542441</y2>
			<x3>62.296212</x3>
			<y3>207.751735</y3>
			<x4>63.079779</x4>
			<y4>208.663035</y4>
			<x5>80.174919</x5>
			<y5>213.868462</y5>
			<x6>88.298092</x6>
			<y6>214.382326</y6>
			<x7>203.685768</x7>
			<y7>207.770825</y7>
			<x8>206.994255</x8>
			<y8>207.364594</y8>
			<x9>208.374293</x9>
			<y9>204.928249</y9>
			<x10>193.925039</x10>
			<y10>43.485803</y10>
			<x11>192.84109</x11>
			<y11>42.863263</y11>
			<x12>174.191694</x12>
			<y12>44.145611</y12>
			<x13>60.379734</x13>
			<y13>58.119962</y13>
			<x14>45.94426</x14>
			<y14>60.899925</y14>
		</polygon>
	</object>
</annotation>
