<annotation>
	<folder></folder>
	<filename>0000_random-112-_jpg.rf.6358dd30966a41112e6fbd5ab9191503.jpg</filename>
	<path>0000_random-112-_jpg.rf.6358dd30966a41112e6fbd5ab9191503.jpg</path>
	<source>
		<database>roboflow.com</database>
	</source>
	<size>
		<width>256</width>
		<height>256</height>
		<depth>3</depth>
	</size>
	<segmented>0</segmented>
	<object>
		<name>document</name>
		<pose>Unspecified</pose>
		<truncated>0</truncated>
		<difficult>0</difficult>
		<occluded>0</occluded>
		<bndbox>
			<xmin>48</xmin>
			<xmax>220</xmax>
			<ymin>35</ymin>
			<ymax>210</ymax>
		</bndbox>
		<polygon>
			<x1>48.736447</x1>
			<y1>203.528164</y1>
			<x2>197.994678</x2>
			<y2>209.133933</y2>
			<x3>201.994069</x3>
			<y3>209.203742</y3>
			<x4>203.007006</x4>
			<y4>208.471309</y4>
			<x5>217.649218</x5>
			<y5>57.203812</y5>
			<x6>218.595022</x6>
			<y6>41.217884</y6>
			<x7>216.950424</x7>
			<y7>39.938987</y7>
			<x8>59.693411</x8>
			<y8>34.193598</y8>
			<x9>51.356983</x9>
			<y9>34.298124</y9>
			<x10>46.538724</x10>
			<y10>195.738622</y10>
			<x11>47.091849</x11>
			<y11>202.249267</y11>
			<x12>48.736447</x12>
			<y12>203.528164</y12>
		</polygon>
	</object>
</annotation>
