<annotation>
	<folder></folder>
	<filename>0000_random-162-_jpg.rf.dadab23d9707563655561e5c84b0ffe9.jpg</filename>
	<path>0000_random-162-_jpg.rf.dadab23d9707563655561e5c84b0ffe9.jpg</path>
	<source>
		<database>roboflow.com</database>
	</source>
	<size>
		<width>256</width>
		<height>256</height>
		<depth>3</depth>
	</size>
	<segmented>0</segmented>
	<object>
		<name>document</name>
		<pose>Unspecified</pose>
		<truncated>0</truncated>
		<difficult>0</difficult>
		<occluded>0</occluded>
		<bndbox>
			<xmin>39</xmin>
			<xmax>242</xmax>
			<ymin>31</ymin>
			<ymax>237</ymax>
		</bndbox>
		<polygon>
			<x1>240.372382</x1>
			<y1>69.490448</y1>
			<x2>207.530904</x2>
			<y2>60.690601</y2>
			<x3>82.213172</x3>
			<y3>31.25292</y3>
			<x4>72.809636</x4>
			<y4>30.286164</y4>
			<x5>66.496443</x5>
			<y5>30.665102</y5>
			<x6>65.206993</x6>
			<y6>31.61369</y6>
			<x7>61.072083</x7>
			<y7>41.893782</y7>
			<x8>47.064883</x8>
			<y8>119.927383</y8>
			<x9>39.275536</x9>
			<y9>169.604042</y9>
			<x10>37.577726</x10>
			<y10>188.819363</y10>
			<x11>40.795931</x11>
			<y11>190.975774</y11>
			<x12>51.354861</x12>
			<y12>195.357945</y12>
			<x13>177.174747</x13>
			<y13>235.800577</y13>
			<x14>178.593606</x14>
			<y14>234.369025</y14>
			<x15>193.84225</x15>
			<y15>195.490926</y15>
			<x16>241.144194</x16>
			<y16>70.473711</y16>
			<x17>240.372382</x17>
			<y17>69.490448</y17>
		</polygon>
	</object>
</annotation>
