<annotation>
	<folder></folder>
	<filename>0000_random-113-_jpg.rf.cff77266e22214e95ac0230d4b99633e.jpg</filename>
	<path>0000_random-113-_jpg.rf.cff77266e22214e95ac0230d4b99633e.jpg</path>
	<source>
		<database>roboflow.com</database>
	</source>
	<size>
		<width>256</width>
		<height>256</height>
		<depth>3</depth>
	</size>
	<segmented>0</segmented>
	<object>
		<name>document</name>
		<pose>Unspecified</pose>
		<truncated>0</truncated>
		<difficult>0</difficult>
		<occluded>0</occluded>
		<bndbox>
			<xmin>45</xmin>
			<xmax>213</xmax>
			<ymin>45</ymin>
			<ymax>204</ymax>
		</bndbox>
		<polygon>
			<x1>56.315583</x1>
			<y1>202.464591</y1>
			<x2>61.308303</x2>
			<y2>203.107257</y2>
			<x3>83.797805</x3>
			<y3>203.097889</y3>
			<x4>130.186566</x4>
			<y4>195.282335</y4>
			<x5>210.002525</x5>
			<y5>161.95948</y5>
			<x6>211.681604</x6>
			<y6>160.239459</y6>
			<x7>205.065055</x7>
			<y7>127.90861</y7>
			<x8>174.052908</x8>
			<y8>44.534473</y8>
			<x9>173.111385</x9>
			<y9>43.712259</y9>
			<x10>55.179242</x10>
			<y10>66.053269</y10>
			<x11>52.733873</x11>
			<y11>66.573048</y11>
			<x12>49.587572</x12>
			<y12>68.604936</y12>
			<x13>44.089992</x13>
			<y13>77.611427</y13>
			<x14>56.315583</x14>
			<y14>202.464591</y14>
		</polygon>
	</object>
</annotation>
