<annotation>
	<folder></folder>
	<filename>0000_random-158-_jpg.rf.670695596db750a75626e4c42b57524d.jpg</filename>
	<path>0000_random-158-_jpg.rf.670695596db750a75626e4c42b57524d.jpg</path>
	<source>
		<database>roboflow.com</database>
	</source>
	<size>
		<width>256</width>
		<height>256</height>
		<depth>3</depth>
	</size>
	<segmented>0</segmented>
	<object>
		<name>document</name>
		<pose>Unspecified</pose>
		<truncated>0</truncated>
		<difficult>0</difficult>
		<occluded>0</occluded>
		<bndbox>
			<xmin>37</xmin>
			<xmax>212</xmax>
			<ymin>27</ymin>
			<ymax>220</ymax>
		</bndbox>
		<polygon>
			<x1>36.266667</x1>
			<y1>26.35</y1>
			<x2>36.266667</x2>
			<y2>29.35</y2>
			<x3>44.266667</x3>
			<y3>169.85</y3>
			<x4>47.6</x4>
			<y4>201.35</y4>
			<x5>48.933333</x5>
			<y5>207.35</y5>
			<x6>50.6</x6>
			<y6>208.1</y6>
			<x7>187.933333</x7>
			<y7>218.1</y7>
			<x8>209.933333</x8>
			<y8>218.6</y8>
			<x9>210.933333</x9>
			<y9>217.85</y9>
			<x10>210.266667</x10>
			<y10>33.85</y10>
			<x11>37.266667</x11>
			<y11>25.6</y11>
			<x12>36.266667</x12>
			<y12>26.35</y12>
		</polygon>
	</object>
</annotation>
