<annotation>
	<folder></folder>
	<filename>0000_random-112-_jpg.rf.3aa3d66c3a9743bff08100f09520e76b.jpg</filename>
	<path>0000_random-112-_jpg.rf.3aa3d66c3a9743bff08100f09520e76b.jpg</path>
	<source>
		<database>roboflow.com</database>
	</source>
	<size>
		<width>256</width>
		<height>256</height>
		<depth>3</depth>
	</size>
	<segmented>0</segmented>
	<object>
		<name>document</name>
		<pose>Unspecified</pose>
		<truncated>0</truncated>
		<difficult>0</difficult>
		<occluded>0</occluded>
		<bndbox>
			<xmin>35</xmin>
			<xmax>229</xmax>
			<ymin>35</ymin>
			<ymax>238</ymax>
		</bndbox>
		<polygon>
			<x1>183.374635</x1>
			<y1>33.549673</y1>
			<x2>38.353254</x2>
			<y2>69.302206</y2>
			<x3>34.489551</x3>
			<y3>70.337482</y3>
			<x4>33.717739</x4>
			<y4>71.320746</y4>
			<x5>61.337715</x5>
			<y5>220.764337</y5>
			<x6>64.834869</x6>
			<y6>236.391696</y6>
			<x7>66.768269</x7>
			<y7>237.167739</y7>
			<x8>219.517056</x8>
			<y8>199.344653</y8>
			<x9>227.501734</x9>
			<y9>196.946346</y9>
			<x10>187.63431</x10>
			<y10>40.431687</y10>
			<x11>185.308035</x11>
			<y11>34.325715</y11>
			<x12>183.374635</x12>
			<y12>33.549673</y12>
		</polygon>
	</object>
</annotation>
