<annotation>
	<folder></folder>
	<filename>0000_random-112-_jpg.rf.f953682ed3d0c2021accdcc98a575477.jpg</filename>
	<path>0000_random-112-_jpg.rf.f953682ed3d0c2021accdcc98a575477.jpg</path>
	<source>
		<database>roboflow.com</database>
	</source>
	<size>
		<width>256</width>
		<height>256</height>
		<depth>3</depth>
	</size>
	<segmented>0</segmented>
	<object>
		<name>document</name>
		<pose>Unspecified</pose>
		<truncated>0</truncated>
		<difficult>0</difficult>
		<occluded>0</occluded>
		<bndbox>
			<xmin>33</xmin>
			<xmax>215</xmax>
			<ymin>43</ymin>
			<ymax>228</ymax>
		</bndbox>
		<polygon>
			<x1>212.33905</x1>
			<y1>58.184965</y1>
			<x2>63.835442</x2>
			<y2>42.181124</y2>
			<x3>59.850664</x3>
			<y3>41.832501</y3>
			<x4>58.789102</x4>
			<y4>42.492491</y4>
			<x5>33.630671</x5>
			<y5>192.370119</y5>
			<x6>31.572049</x6>
			<y6>208.25113</y6>
			<x7>33.123429</x7>
			<y7>209.641633</y7>
			<x8>189.596594</x8>
			<y8>226.342721</y8>
			<x9>197.920006</x9>
			<y9>226.81997</y9>
			<x10>213.988048</x10>
			<y10>66.108838</y10>
			<x11>213.89043</x11>
			<y11>59.575468</y11>
			<x12>212.33905</x12>
			<y12>58.184965</y12>
		</polygon>
	</object>
</annotation>
