<annotation>
	<folder></folder>
	<filename>0000_random-113-_jpg.rf.9cf009494826fc5e798bfba73b899080.jpg</filename>
	<path>0000_random-113-_jpg.rf.9cf009494826fc5e798bfba73b899080.jpg</path>
	<source>
		<database>roboflow.com</database>
	</source>
	<size>
		<width>256</width>
		<height>256</height>
		<depth>3</depth>
	</size>
	<segmented>0</segmented>
	<object>
		<name>document</name>
		<pose>Unspecified</pose>
		<truncated>0</truncated>
		<difficult>0</difficult>
		<occluded>0</occluded>
		<bndbox>
			<xmin>59</xmin>
			<xmax>208</xmax>
			<ymin>50</ymin>
			<ymax>209</ymax>
		</bndbox>
		<polygon>
			<x1>61.436395</x1>
			<y1>48.924608</y1>
			<x2>60.275369</x2>
			<y2>53.822801</y2>
			<x3>57.933892</x3>
			<y3>76.190082</y3>
			<x4>60.857686</x4>
			<y4>123.141668</y4>
			<x5>85.654956</x5>
			<y5>206.003574</y5>
			<x6>87.190043</x6>
			<y6>207.853247</y6>
			<x7>120.035398</x7>
			<y7>204.652438</y7>
			<x8>206.194454</x8>
			<y8>182.525148</y8>
			<x9>207.11058</x9>
			<y9>181.674728</y9>
			<x10>197.219222</x10>
			<y10>62.053358</y10>
			<x11>196.957901</x11>
			<y11>59.567054</y11>
			<x12>195.266022</x12>
			<y12>56.225598</y12>
			<x13>186.883523</x13>
			<y13>49.8167</y13>
			<x14>61.436395</x14>
			<y14>48.924608</y14>
		</polygon>
	</object>
</annotation>
