<annotation>
	<folder></folder>
	<filename>0000_jpg.rf.31f39a56cfe80ef3486e261da27462f4.jpg</filename>
	<path>0000_jpg.rf.31f39a56cfe80ef3486e261da27462f4.jpg</path>
	<source>
		<database>roboflow.com</database>
	</source>
	<size>
		<width>256</width>
		<height>256</height>
		<depth>3</depth>
	</size>
	<segmented>0</segmented>
	<object>
		<name>document</name>
		<pose>Unspecified</pose>
		<truncated>0</truncated>
		<difficult>0</difficult>
		<occluded>0</occluded>
		<bndbox>
			<xmin>45</xmin>
			<xmax>222</xmax>
			<ymin>46</ymin>
			<ymax>208</ymax>
		</bndbox>
		<polygon>
			<x1>218.933333</x1>
			<y1>158.85</y1>
			<x2>213.6</x2>
			<y2>112.85</y2>
			<x3>207.6</x3>
			<y3>71.35</y3>
			<x4>204.266667</x4>
			<y4>51.35</y4>
			<x5>202.933333</x5>
			<y5>45.85</y5>
			<x6>201.933333</x6>
			<y6>45.1</y6>
			<x7>196.6</x7>
			<y7>45.1</y7>
			<x8>189.933333</x8>
			<y8>46.1</y8>
			<x9>109.933333</x9>
			<y9>59.1</y9>
			<x10>65.266667</x10>
			<y10>67.6</y10>
			<x11>51.266667</x11>
			<y11>71.1</y11>
			<x12>44.6</x12>
			<y12>73.6</y12>
			<x13>44.266667</x13>
			<y13>74.35</y13>
			<x14>58.933333</x14>
			<y14>205.85</y14>
			<x15>59.266667</x15>
			<y15>206.1</y15>
			<x16>60.6</x16>
			<y16>206.6</y16>
			<x17>91.266667</x17>
			<y17>206.6</y17>
			<x18>134.6</x18>
			<y18>206.1</y18>
			<x19>216.6</x19>
			<y19>204.1</y19>
			<x20>219.933333</x20>
			<y20>203.6</y20>
			<x21>220.933333</x21>
			<y21>202.85</y21>
			<x22>220.933333</x22>
			<y22>187.35</y22>
			<x23>220.266667</x23>
			<y23>174.35</y23>
			<x24>218.933333</x24>
			<y24>158.85</y24>
		</polygon>
	</object>
</annotation>
