<annotation>
	<folder></folder>
	<filename>0000_random-11-_jpg.rf.cd2a918fc9d6cd35a5d749eae1e3a636.jpg</filename>
	<path>0000_random-11-_jpg.rf.cd2a918fc9d6cd35a5d749eae1e3a636.jpg</path>
	<source>
		<database>roboflow.com</database>
	</source>
	<size>
		<width>256</width>
		<height>256</height>
		<depth>3</depth>
	</size>
	<segmented>0</segmented>
	<object>
		<name>document</name>
		<pose>Unspecified</pose>
		<truncated>0</truncated>
		<difficult>0</difficult>
		<occluded>0</occluded>
		<bndbox>
			<xmin>42</xmin>
			<xmax>227</xmax>
			<ymin>36</ymin>
			<ymax>219</ymax>
		</bndbox>
		<polygon>
			<x1>224.6</x1>
			<y1>192.6</y1>
			<x2>225.933333</x2>
			<y2>192.1</y2>
			<x3>226.266667</x3>
			<y3>191.85</y3>
			<x4>226.266667</x4>
			<y4>189.85</y4>
			<x5>221.6</x5>
			<y5>146.35</y5>
			<x6>220.933333</x6>
			<y6>142.85</y6>
			<x7>194.266667</x7>
			<y7>37.85</y7>
			<x8>193.6</x8>
			<y8>36.35</y8>
			<x9>192.6</x9>
			<y9>35.6</y9>
			<x10>190.6</x10>
			<y10>35.1</y10>
			<x11>181.266667</x11>
			<y11>34.6</y11>
			<x12>173.266667</x12>
			<y12>34.6</y12>
			<x13>41.933333</x13>
			<y13>38.6</y13>
			<x14>40.933333</x14>
			<y14>39.35</y14>
			<x15>41.6</x15>
			<y15>47.35</y15>
			<x16>47.6</x16>
			<y16>92.85</y16>
			<x17>62.266667</x17>
			<y17>186.85</y17>
			<x18>67.6</x18>
			<y18>216.85</y18>
			<x19>68.6</x19>
			<y19>217.6</y19>
			<x20>72.6</x20>
			<y20>217.6</y20>
			<x21>81.933333</x21>
			<y21>216.6</y21>
			<x22>95.933333</x22>
			<y22>214.6</y22>
			<x23>173.266667</x23>
			<y23>201.6</y23>
			<x24>216.6</x24>
			<y24>194.1</y24>
			<x25>224.6</x25>
			<y25>192.6</y25>
		</polygon>
	</object>
</annotation>
