<annotation>
	<folder></folder>
	<filename>0000_random-158-_jpg.rf.584102f186773213e1aa39752a0bfb93.jpg</filename>
	<path>0000_random-158-_jpg.rf.584102f186773213e1aa39752a0bfb93.jpg</path>
	<source>
		<database>roboflow.com</database>
	</source>
	<size>
		<width>256</width>
		<height>256</height>
		<depth>3</depth>
	</size>
	<segmented>0</segmented>
	<object>
		<name>document</name>
		<pose>Unspecified</pose>
		<truncated>0</truncated>
		<difficult>0</difficult>
		<occluded>0</occluded>
		<bndbox>
			<xmin>8</xmin>
			<xmax>237</xmax>
			<ymin>26</ymin>
			<ymax>225</ymax>
		</bndbox>
		<polygon>
			<x1>229.92283</x1>
			<y1>91.644106</y1>
			<x2>235.73026</x2>
			<y2>70.418561</y2>
			<x3>235.24446</x3>
			<y3>69.266824</y3>
			<x4>56.548765</x4>
			<y4>25.400058</y4>
			<x5>6.691338</x5>
			<y5>191.265363</y5>
			<x6>7.177138</x6>
			<y6>192.4171</y6>
			<x7>10.088025</x7>
			<y7>193.142866</y7>
			<x8>148.34995</x8>
			<y8>219.370526</y8>
			<x9>179.720671</x9>
			<y9>223.756747</y9>
			<x10>185.865008</x10>
			<y10>223.914551</y10>
			<x11>186.995933</x11>
			<y11>222.478833</y11>
			<x12>229.92283</x12>
			<y12>91.644106</y12>
		</polygon>
	</object>
</annotation>
