<annotation>
	<folder></folder>
	<filename>0000_random-162-_jpg.rf.02cb3dcba1323097177d8c42864e3379.jpg</filename>
	<path>0000_random-162-_jpg.rf.02cb3dcba1323097177d8c42864e3379.jpg</path>
	<source>
		<database>roboflow.com</database>
	</source>
	<size>
		<width>256</width>
		<height>256</height>
		<depth>3</depth>
	</size>
	<segmented>0</segmented>
	<object>
		<name>document</name>
		<pose>Unspecified</pose>
		<truncated>0</truncated>
		<difficult>0</difficult>
		<occluded>0</occluded>
		<bndbox>
			<xmin>39</xmin>
			<xmax>219</xmax>
			<ymin>41</ymin>
			<ymax>219</ymax>
		</bndbox>
		<polygon>
			<x1>39.207959</x1>
			<y1>218.370866</y1>
			<x2>73.161363</x2>
			<y2>216.591444</y2>
			<x3>201.442353</x3>
			<y3>205.863033</y3>
			<x4>210.684392</x4>
			<y4>203.87662</y4>
			<x5>216.571497</x5>
			<y5>201.565345</y5>
			<x6>217.504706</x6>
			<y6>200.264722</y6>
			<x7>218.260517</x7>
			<y7>189.210016</y7>
			<x8>207.468446</x8>
			<y8>110.667189</y8>
			<x9>199.525624</x9>
			<y9>61.014837</y9>
			<x10>195.202476</x10>
			<y10>42.215329</y10>
			<x11>191.475414</x11>
			<y11>41.158941</y11>
			<x12>180.079109</x12>
			<y12>40.254137</y12>
			<x13>47.919827</x13>
			<y13>40.671392</y13>
			<x14>47.012785</x14>
			<y14>42.471329</y14>
			<x15>44.524456</x15>
			<y15>84.158689</y15>
			<x16>38.170078</x16>
			<y16>217.67423</y16>
			<x17>39.207959</x17>
			<y17>218.370866</y17>
		</polygon>
	</object>
</annotation>
