<annotation>
	<folder></folder>
	<filename>0000_random-162-_jpg.rf.e7963b95b559cd1eb2785fa5a838d0aa.jpg</filename>
	<path>0000_random-162-_jpg.rf.e7963b95b559cd1eb2785fa5a838d0aa.jpg</path>
	<source>
		<database>roboflow.com</database>
	</source>
	<size>
		<width>256</width>
		<height>256</height>
		<depth>3</depth>
	</size>
	<segmented>0</segmented>
	<object>
		<name>document</name>
		<pose>Unspecified</pose>
		<truncated>0</truncated>
		<difficult>0</difficult>
		<occluded>0</occluded>
		<bndbox>
			<xmin>47</xmin>
			<xmax>229</xmax>
			<ymin>43</ymin>
			<ymax>225</ymax>
		</bndbox>
		<polygon>
			<x1>227.143636</x1>
			<y1>49.123772</y1>
			<x2>193.226459</x2>
			<y2>46.752052</y2>
			<x3>64.594191</x3>
			<y3>41.766975</y3>
			<x4>55.178959</x4>
			<y4>42.612261</y4>
			<x5>49.054062</x5>
			<y5>44.18885</y5>
			<x6>47.969302</x6>
			<y6>45.366049</y6>
			<x7>45.871896</x7>
			<y7>56.246245</y7>
			<x8>47.011561</x8>
			<y8>135.518848</y8>
			<x9>48.84408</x9>
			<y9>185.769085</y9>
			<x10>50.84392</x10>
			<y10>204.955323</y10>
			<x11>54.414459</x11>
			<y11>206.458052</y11>
			<x12>65.61555</x12>
			<y12>208.744971</y12>
			<x13>196.840588</x13>
			<y13>224.436992</y13>
			<x14>197.960226</x14>
			<y14>222.761012</y14>
			<x15>205.510418</x15>
			<y15>181.687634</y15>
			<x16>228.088883</x16>
			<y16>49.941701</y16>
			<x17>227.143636</x17>
			<y17>49.123772</y17>
		</polygon>
	</object>
</annotation>
