<annotation>
	<folder></folder>
	<filename>0000_random-134-_jpg.rf.412a94aa94cde5f38326c6c9df20bdec.jpg</filename>
	<path>0000_random-134-_jpg.rf.412a94aa94cde5f38326c6c9df20bdec.jpg</path>
	<source>
		<database>roboflow.com</database>
	</source>
	<size>
		<width>256</width>
		<height>256</height>
		<depth>3</depth>
	</size>
	<segmented>0</segmented>
	<object>
		<name>document</name>
		<pose>Unspecified</pose>
		<truncated>0</truncated>
		<difficult>0</difficult>
		<occluded>0</occluded>
		<bndbox>
			<xmin>46</xmin>
			<xmax>214</xmax>
			<ymin>51</ymin>
			<ymax>214</ymax>
		</bndbox>
		<polygon>
			<x1>58.077097</x1>
			<y1>207.663995</y1>
			<x2>59.538122</x2>
			<y2>212.889877</y2>
			<x3>205.410123</x3>
			<y3>196.447058</y3>
			<x4>206.348214</x4>
			<y4>195.695773</y4>
			<x5>212.147082</x5>
			<y5>178.792713</y5>
			<x6>212.944128</x6>
			<y6>170.692422</y6>
			<x7>210.363626</x7>
			<y7>55.144299</y7>
			<x8>210.073107</x8>
			<y8>51.82365</y8>
			<x9>207.686409</x9>
			<y9>50.359426</y9>
			<x10>45.838037</x10>
			<y10>59.165618</y10>
			<x11>45.178047</x11>
			<y11>60.22718</y11>
			<x12>45.808759</x12>
			<y12>78.909969</y12>
			<x13>55.802618</x13>
			<y13>193.140295</y13>
			<x14>58.077097</x14>
			<y14>207.663995</y14>
		</polygon>
	</object>
</annotation>
