<annotation>
	<folder></folder>
	<filename>0000_random-134-_jpg.rf.27d2f12c76c9fe5156d0540216465c77.jpg</filename>
	<path>0000_random-134-_jpg.rf.27d2f12c76c9fe5156d0540216465c77.jpg</path>
	<source>
		<database>roboflow.com</database>
	</source>
	<size>
		<width>256</width>
		<height>256</height>
		<depth>3</depth>
	</size>
	<segmented>0</segmented>
	<object>
		<name>document</name>
		<pose>Unspecified</pose>
		<truncated>0</truncated>
		<difficult>0</difficult>
		<occluded>0</occluded>
		<bndbox>
			<xmin>53</xmin>
			<xmax>208</xmax>
			<ymin>41</ymin>
			<ymax>207</ymax>
		</bndbox>
		<polygon>
			<x1>59.266667</x1>
			<y1>39.6</y1>
			<x2>57.6</x2>
			<y2>41.85</y2>
			<x3>52.266667</x3>
			<y3>203.85</y3>
			<x4>53.266667</x4>
			<y4>204.6</y4>
			<x5>71.933333</x5>
			<y5>205.6</y5>
			<x6>186.6</x6>
			<y6>205.6</y6>
			<x7>201.266667</x7>
			<y7>204.6</y7>
			<x8>206.6</x8>
			<y8>203.6</y8>
			<x9>202.933333</x9>
			<y9>56.85</y9>
			<x10>202.266667</x10>
			<y10>55.85</y10>
			<x11>185.933333</x11>
			<y11>48.6</y11>
			<x12>177.933333</x12>
			<y12>47.1</y12>
			<x13>62.6</x13>
			<y13>39.6</y13>
			<x14>59.266667</x14>
			<y14>39.6</y14>
		</polygon>
	</object>
</annotation>
