<annotation>
	<folder></folder>
	<filename>0000_random-158-_jpg.rf.5afa04e792b629ce8867ccb66a70a60a.jpg</filename>
	<path>0000_random-158-_jpg.rf.5afa04e792b629ce8867ccb66a70a60a.jpg</path>
	<source>
		<database>roboflow.com</database>
	</source>
	<size>
		<width>256</width>
		<height>256</height>
		<depth>3</depth>
	</size>
	<segmented>0</segmented>
	<object>
		<name>document</name>
		<pose>Unspecified</pose>
		<truncated>0</truncated>
		<difficult>0</difficult>
		<occluded>0</occluded>
		<bndbox>
			<xmin>18</xmin>
			<xmax>225</xmax>
			<ymin>27</ymin>
			<ymax>243</ymax>
		</bndbox>
		<polygon>
			<x1>200.924459</x1>
			<y1>48.04978</y1>
			<x2>196.087326</x2>
			<y2>26.582313</y2>
			<x3>195.117682</x3>
			<y3>25.793459</y3>
			<x4>16.744549</x4>
			<y4>70.953951</y4>
			<x5>50.592098</x5>
			<y5>240.810967</y5>
			<x6>51.561741</x6>
			<y6>241.599822</y6>
			<x7>54.472628</x7>
			<y7>240.874056</y7>
			<x8>188.863803</x8>
			<y8>199.121664</y8>
			<x9>218.621712</x9>
			<y9>188.266805</y9>
			<x10>224.120924</x10>
			<y10>185.521547</y10>
			<x11>224.445442</x11>
			<y11>183.722945</y11>
			<x12>200.924459</x12>
			<y12>48.04978</y12>
		</polygon>
	</object>
</annotation>
