<annotation>
	<folder></folder>
	<filename>0000_random-134-_jpg.rf.20fc9f8af8cd01561b32444a92f288dc.jpg</filename>
	<path>0000_random-134-_jpg.rf.20fc9f8af8cd01561b32444a92f288dc.jpg</path>
	<source>
		<database>roboflow.com</database>
	</source>
	<size>
		<width>256</width>
		<height>256</height>
		<depth>3</depth>
	</size>
	<segmented>0</segmented>
	<object>
		<name>document</name>
		<pose>Unspecified</pose>
		<truncated>0</truncated>
		<difficult>0</difficult>
		<occluded>0</occluded>
		<bndbox>
			<xmin>35</xmin>
			<xmax>212</xmax>
			<ymin>48</ymin>
			<ymax>211</ymax>
		</bndbox>
		<polygon>
			<x1>210.694125</x1>
			<y1>61.688265</y1>
			<x2>210.162761</x2>
			<y2>56.288071</y2>
			<x3>63.651618</x3>
			<y3>47.15068</y3>
			<x4>62.597319</x4>
			<y4>47.727653</y4>
			<x5>53.951364</x5>
			<y5>63.366955</y5>
			<x6>51.759826</x6>
			<y6>71.205779</y6>
			<x7>34.236403</x7>
			<y7>185.446566</y7>
			<x8>33.945884</x8>
			<y8>188.767214</y8>
			<x9>36.042062</x9>
			<y9>190.62364</y9>
			<x10>196.960773</x10>
			<y10>210.055908</y10>
			<x11>197.795075</x11>
			<y11>209.12508</y11>
			<x12>200.418177</x12>
			<y12>190.616602</y12>
			<x13>210.412035</x13>
			<y13>76.386276</y13>
			<x14>210.694125</x14>
			<y14>61.688265</y14>
		</polygon>
	</object>
</annotation>
