<annotation>
	<folder></folder>
	<filename>0000_random-134-_jpg.rf.34c90001292f44fb11f1cfbf23632215.jpg</filename>
	<path>0000_random-134-_jpg.rf.34c90001292f44fb11f1cfbf23632215.jpg</path>
	<source>
		<database>roboflow.com</database>
	</source>
	<size>
		<width>256</width>
		<height>256</height>
		<depth>3</depth>
	</size>
	<segmented>0</segmented>
	<object>
		<name>document</name>
		<pose>Unspecified</pose>
		<truncated>0</truncated>
		<difficult>0</difficult>
		<occluded>0</occluded>
		<bndbox>
			<xmin>48</xmin>
			<xmax>202</xmax>
			<ymin>49</ymin>
			<ymax>215</ymax>
		</bndbox>
		<polygon>
			<x1>52.104664</x1>
			<y1>54.003632</y1>
			<x2>46.809479</x2>
			<y2>55.189154</y2>
			<x3>55.595414</x3>
			<y3>201.721793</y3>
			<x4>56.296573</x4>
			<y4>202.697917</y4>
			<x5>72.872978</x5>
			<y5>209.373476</y5>
			<x6>80.920454</x6>
			<y6>210.593366</y6>
			<x7>196.445276</x7>
			<y7>214.063722</y7>
			<x8>199.776578</x8>
			<y8>213.94739</y8>
			<x9>201.363706</x9>
			<y9>211.640595</y9>
			<x10>201.040071</x10>
			<y10>49.553151</y10>
			<x11>200.014506</x11>
			<y11>48.838507</y11>
			<x12>181.324312</x12>
			<y12>48.490573</y12>
			<x13>66.727497</x13>
			<y13>52.492382</y13>
			<x14>52.104664</x14>
			<y14>54.003632</y14>
		</polygon>
	</object>
</annotation>
