<annotation>
	<folder></folder>
	<filename>0000_random-158-_jpg.rf.7ae1e0144f933bb04e4e75376538f463.jpg</filename>
	<path>0000_random-158-_jpg.rf.7ae1e0144f933bb04e4e75376538f463.jpg</path>
	<source>
		<database>roboflow.com</database>
	</source>
	<size>
		<width>256</width>
		<height>256</height>
		<depth>3</depth>
	</size>
	<segmented>0</segmented>
	<object>
		<name>document</name>
		<pose>Unspecified</pose>
		<truncated>0</truncated>
		<difficult>0</difficult>
		<occluded>0</occluded>
		<bndbox>
			<xmin>24</xmin>
			<xmax>219</xmax>
			<ymin>34</ymin>
			<ymax>234</ymax>
		</bndbox>
		<polygon>
			<x1>208.882045</x1>
			<y1>56.110438</y1>
			<x2>206.315371</x2>
			<y2>34.254954</y2>
			<x3>205.433497</x3>
			<y3>33.369065</y3>
			<x4>23.316954</x4>
			<y4>59.637094</y4>
			<x5>39.224189</x5>
			<y5>232.101648</y5>
			<x6>40.106063</x6>
			<y6>232.987536</y6>
			<x7>43.076867</x7>
			<y7>232.570017</y7>
			<x8>181.096146</x8>
			<y8>205.094052</y8>
			<x9>211.82568</x9>
			<y9>197.409206</y9>
			<x10>217.581724</x10>
			<y10>195.25381</y10>
			<x11>218.09247</x11>
			<y11>193.498983</y11>
			<x12>208.882045</x12>
			<y12>56.110438</y12>
		</polygon>
	</object>
</annotation>
