<annotation>
	<folder></folder>
	<filename>0000_random-113-_jpg.rf.01459862b5bf772af3b0ccb9efb7f846.jpg</filename>
	<path>0000_random-113-_jpg.rf.01459862b5bf772af3b0ccb9efb7f846.jpg</path>
	<source>
		<database>roboflow.com</database>
	</source>
	<size>
		<width>256</width>
		<height>256</height>
		<depth>3</depth>
	</size>
	<segmented>0</segmented>
	<object>
		<name>document</name>
		<pose>Unspecified</pose>
		<truncated>0</truncated>
		<difficult>0</difficult>
		<occluded>0</occluded>
		<bndbox>
			<xmin>62</xmin>
			<xmax>204</xmax>
			<ymin>45</ymin>
			<ymax>206</ymax>
		</bndbox>
		<polygon>
			<x1>67.114562</x1>
			<y1>44.473989</y1>
			<x2>65.614682</x2>
			<y2>49.279262</y2>
			<x3>61.718647</x3>
			<y3>71.428724</y3>
			<x4>61.360142</x4>
			<y4>118.469892</y4>
			<x5>80.316852</x5>
			<y5>202.85972</y5>
			<x6>81.719173</x6>
			<y6>204.811969</y6>
			<x7>114.707795</x7>
			<y7>203.910134</y7>
			<x8>202.200495</x8>
			<y8>187.846897</y8>
			<x9>203.173711</x9>
			<y9>187.062455</y9>
			<x10>201.650813</x10>
			<y10>67.04249</y10>
			<x11>201.563564</x11>
			<y11>64.544013</y11>
			<x12>200.108895</x12>
			<y12>61.092678</y12>
			<x13>192.193877</x13>
			<y13>54.114657</y13>
			<x14>67.114562</x14>
			<y14>44.473989</y14>
		</polygon>
	</object>
</annotation>
