<annotation>
	<folder></folder>
	<filename>0000_random-112-_jpg.rf.2919253d3a20026da1df9dafcaa3fcc3.jpg</filename>
	<path>0000_random-112-_jpg.rf.2919253d3a20026da1df9dafcaa3fcc3.jpg</path>
	<source>
		<database>roboflow.com</database>
	</source>
	<size>
		<width>256</width>
		<height>256</height>
		<depth>3</depth>
	</size>
	<segmented>0</segmented>
	<object>
		<name>document</name>
		<pose>Unspecified</pose>
		<truncated>0</truncated>
		<difficult>0</difficult>
		<occluded>0</occluded>
		<bndbox>
			<xmin>41</xmin>
			<xmax>231</xmax>
			<ymin>37</ymin>
			<ymax>217</ymax>
		</bndbox>
		<polygon>
			<x1>39.855307</x1>
			<y1>63.055966</y1>
			<x2>60.253122</x2>
			<y2>211.020061</y2>
			<x3>60.87886</x3>
			<y3>214.970815</y3>
			<x4>61.776061</x4>
			<y4>215.841177</y4>
			<x5>213.288058</x5>
			<y5>203.993616</y5>
			<x6>229.195361</x6>
			<y6>202.149124</y6>
			<x7>230.169248</x7>
			<y7>200.307433</y7>
			<x8>208.519957</x8>
			<y8>44.441831</y8>
			<x9>206.969414</x9>
			<y9>36.250203</y9>
			<x10>47.144878</x10>
			<y10>59.538992</y10>
			<x11>40.829194</x11>
			<y11>61.214275</y11>
			<x12>39.855307</x12>
			<y12>63.055966</y12>
		</polygon>
	</object>
</annotation>
