<annotation>
	<folder></folder>
	<filename>0000_random-162-_jpg.rf.fb7b015b3ad26a1466ab38c48a6156ed.jpg</filename>
	<path>0000_random-162-_jpg.rf.fb7b015b3ad26a1466ab38c48a6156ed.jpg</path>
	<source>
		<database>roboflow.com</database>
	</source>
	<size>
		<width>256</width>
		<height>256</height>
		<depth>3</depth>
	</size>
	<segmented>0</segmented>
	<object>
		<name>document</name>
		<pose>Unspecified</pose>
		<truncated>0</truncated>
		<difficult>0</difficult>
		<occluded>0</occluded>
		<bndbox>
			<xmin>35</xmin>
			<xmax>216</xmax>
			<ymin>38</ymin>
			<ymax>215</ymax>
		</bndbox>
		<polygon>
			<x1>195.933333</x1>
			<y1>44.6</y1>
			<x2>184.6</x2>
			<y2>43.1</y2>
			<x3>52.6</x3>
			<y3>36.6</y3>
			<x4>51.6</x4>
			<y4>38.35</y4>
			<x5>46.933333</x5>
			<y5>79.85</y5>
			<x6>33.6</x6>
			<y6>212.85</y6>
			<x7>34.6</x7>
			<y7>213.6</y7>
			<x8>68.6</x8>
			<y8>213.6</y8>
			<x9>197.266667</x9>
			<y9>209.6</y9>
			<x10>206.6</x10>
			<y10>208.1</y10>
			<x11>212.6</x11>
			<y11>206.1</y11>
			<x12>213.6</x12>
			<y12>204.85</y12>
			<x13>214.933333</x13>
			<y13>193.85</y13>
			<x14>208.266667</x14>
			<y14>114.85</y14>
			<x15>202.933333</x15>
			<y15>64.85</y15>
			<x16>199.6</x16>
			<y16>45.85</y16>
			<x17>195.933333</x17>
			<y17>44.6</y17>
		</polygon>
	</object>
</annotation>
