<annotation>
	<folder></folder>
	<filename>0000_random-162-_jpg.rf.be22de7766fff6b7a467b6580d3085d3.jpg</filename>
	<path>0000_random-162-_jpg.rf.be22de7766fff6b7a467b6580d3085d3.jpg</path>
	<source>
		<database>roboflow.com</database>
	</source>
	<size>
		<width>256</width>
		<height>256</height>
		<depth>3</depth>
	</size>
	<segmented>0</segmented>
	<object>
		<name>document</name>
		<pose>Unspecified</pose>
		<truncated>0</truncated>
		<difficult>0</difficult>
		<occluded>0</occluded>
		<bndbox>
			<xmin>47</xmin>
			<xmax>233</xmax>
			<ymin>40</ymin>
			<ymax>229</ymax>
		</bndbox>
		<polygon>
			<x1>231.135826</x1>
			<y1>54.420646</y1>
			<x2>197.389257</x2>
			<y2>50.277088</y2>
			<x3>69.194175</x3>
			<y3>38.566751</y3>
			<x4>59.747607</x4>
			<y4>38.918123</y4>
			<x5>53.548591</x5>
			<y5>40.171999</y5>
			<x6>52.403708</x6>
			<y6>41.290812</y6>
			<x7>49.739751</x7>
			<y7>52.046328</y7>
			<x8>46.729047</x8>
			<y8>131.269936</y8>
			<x9>45.92916</x9>
			<y9>181.547213</y9>
			<x10>46.922129</x10>
			<y10>200.811821</y10>
			<x11>50.409129</x11>
			<y11>202.499358</y11>
			<x12>61.475181</x12>
			<y12>205.369363</y12>
			<x13>191.699122</x13>
			<y13>227.907667</y13>
			<x14>192.904939</x14>
			<y14>226.29258</y14>
			<x15>202.594399</x15>
			<y15>185.670639</y15>
			<x16>232.036971</x16>
			<y16>55.286925</y16>
			<x17>231.135826</x17>
			<y17>54.420646</y17>
		</polygon>
	</object>
</annotation>
