<annotation>
	<folder></folder>
	<filename>0000_random-113-_jpg.rf.8b3b0d829736ffdcd75d5aac806869d4.jpg</filename>
	<path>0000_random-113-_jpg.rf.8b3b0d829736ffdcd75d5aac806869d4.jpg</path>
	<source>
		<database>roboflow.com</database>
	</source>
	<size>
		<width>256</width>
		<height>256</height>
		<depth>3</depth>
	</size>
	<segmented>0</segmented>
	<object>
		<name>document</name>
		<pose>Unspecified</pose>
		<truncated>0</truncated>
		<difficult>0</difficult>
		<occluded>0</occluded>
		<bndbox>
			<xmin>48</xmin>
			<xmax>208</xmax>
			<ymin>58</ymin>
			<ymax>209</ymax>
		</bndbox>
		<polygon>
			<x1>205.901653</x1>
			<y1>60.066477</y1>
			<x2>200.983943</x2>
			<y2>58.991113</y2>
			<x3>178.579205</x3>
			<y3>57.040356</y3>
			<x4>131.685797</x4>
			<y4>60.783123</y4>
			<x5>49.269283</x5>
			<y5>87.022756</y5>
			<x6>47.446684</x6>
			<y6>88.58989</y6>
			<x7>51.220235</x7>
			<y7>121.37438</y7>
			<x8>74.847838</x8>
			<y8>207.13414</y8>
			<x9>75.714116</x9>
			<y9>208.035284</y9>
			<x10>195.14464</x10>
			<y10>196.057752</y10>
			<x11>197.626005</x11>
			<y11>195.753079</y11>
			<x12>200.937424</x12>
			<y12>194.003141</y12>
			<x13>207.199052</x13>
			<y13>185.510068</y13>
			<x14>205.901653</x14>
			<y14>60.066477</y14>
		</polygon>
	</object>
</annotation>
