<annotation>
	<folder></folder>
	<filename>0000990274_png.rf.30bccc12a69c61b42be3c3d1c84da574.jpg</filename>
	<path>0000990274_png.rf.30bccc12a69c61b42be3c3d1c84da574.jpg</path>
	<source>
		<database>roboflow.com</database>
	</source>
	<size>
		<width>195</width>
		<height>256</height>
		<depth>3</depth>
	</size>
	<segmented>0</segmented>
	<object>
		<name>document</name>
		<pose>Unspecified</pose>
		<truncated>0</truncated>
		<difficult>0</difficult>
		<occluded>0</occluded>
		<bndbox>
			<xmin>1</xmin>
			<xmax>196</xmax>
			<ymin>18</ymin>
			<ymax>238</ymax>
		</bndbox>
	</object>
</annotation>
