<annotation>
	<folder></folder>
	<filename>0000_random-112-_jpg.rf.0ed0d35d21c9ea5528385e8c50da3e4c.jpg</filename>
	<path>0000_random-112-_jpg.rf.0ed0d35d21c9ea5528385e8c50da3e4c.jpg</path>
	<source>
		<database>roboflow.com</database>
	</source>
	<size>
		<width>256</width>
		<height>256</height>
		<depth>3</depth>
	</size>
	<segmented>0</segmented>
	<object>
		<name>document</name>
		<pose>Unspecified</pose>
		<truncated>0</truncated>
		<difficult>0</difficult>
		<occluded>0</occluded>
		<bndbox>
			<xmin>40</xmin>
			<xmax>209</xmax>
			<ymin>49</ymin>
			<ymax>222</ymax>
		</bndbox>
		<polygon>
			<x1>38.933333</x1>
			<y1>216.35</y1>
			<x2>40.6</x2>
			<y2>217.6</y2>
			<x3>197.933333</x3>
			<y3>220.6</y3>
			<x4>206.266667</x4>
			<y4>220.35</y4>
			<x5>208.266667</x5>
			<y5>58.85</y5>
			<x6>207.6</x6>
			<y6>52.35</y6>
			<x7>205.933333</x7>
			<y7>51.1</y7>
			<x8>56.6</x8>
			<y8>48.1</y8>
			<x9>52.6</x9>
			<y9>48.1</y9>
			<x10>51.6</x10>
			<y10>48.85</y10>
			<x11>39.6</x11>
			<y11>200.35</y11>
			<x12>38.933333</x12>
			<y12>216.35</y12>
		</polygon>
	</object>
</annotation>
