<annotation>
	<folder></folder>
	<filename>0000_random-158-_jpg.rf.8cb7480d1395ec424f65ecbe6439672e.jpg</filename>
	<path>0000_random-158-_jpg.rf.8cb7480d1395ec424f65ecbe6439672e.jpg</path>
	<source>
		<database>roboflow.com</database>
	</source>
	<size>
		<width>256</width>
		<height>256</height>
		<depth>3</depth>
	</size>
	<segmented>0</segmented>
	<object>
		<name>document</name>
		<pose>Unspecified</pose>
		<truncated>0</truncated>
		<difficult>0</difficult>
		<occluded>0</occluded>
		<bndbox>
			<xmin>30</xmin>
			<xmax>238</xmax>
			<ymin>36</ymin>
			<ymax>237</ymax>
		</bndbox>
		<polygon>
			<x1>51.975921</x1>
			<y1>50.99121</y1>
			<x2>30.284718</x2>
			<y2>54.698194</y2>
			<x3>29.446198</x3>
			<y3>55.625224</y3>
			<x4>65.20947</x4>
			<y4>236.117419</y4>
			<x5>236.605147</x5>
			<y5>211.205887</y5>
			<x6>237.443668</x6>
			<y6>210.278858</y6>
			<x7>236.871241</x7>
			<y7>207.333977</y7>
			<x8>202.209559</x8>
			<y8>70.941829</y8>
			<x9>192.926986</x9>
			<y9>40.656603</y9>
			<x10>190.473296</x10>
			<y10>35.021252</y10>
			<x11>188.694143</x11>
			<y11>34.603046</y11>
			<x12>51.975921</x12>
			<y12>50.99121</y12>
		</polygon>
	</object>
</annotation>
