<annotation>
	<folder></folder>
	<filename>0000_random-113-_jpg.rf.51b4f3eb6bc7154be0574dc0f654d0c0.jpg</filename>
	<path>0000_random-113-_jpg.rf.51b4f3eb6bc7154be0574dc0f654d0c0.jpg</path>
	<source>
		<database>roboflow.com</database>
	</source>
	<size>
		<width>256</width>
		<height>256</height>
		<depth>3</depth>
	</size>
	<segmented>0</segmented>
	<object>
		<name>document</name>
		<pose>Unspecified</pose>
		<truncated>0</truncated>
		<difficult>0</difficult>
		<occluded>0</occluded>
		<bndbox>
			<xmin>53</xmin>
			<xmax>195</xmax>
			<ymin>54</ymin>
			<ymax>215</ymax>
		</bndbox>
		<polygon>
			<x1>55.933333</x1>
			<y1>65.6</y1>
			<x2>54.933333</x2>
			<y2>66.35</y2>
			<x3>52.266667</x3>
			<y3>186.35</y3>
			<x4>52.266667</x4>
			<y4>188.85</y4>
			<x5>53.6</x5>
			<y5>192.35</y5>
			<x6>61.266667</x6>
			<y6>199.6</y6>
			<x7>185.933333</x7>
			<y7>213.6</y7>
			<x8>187.6</x8>
			<y8>208.85</y8>
			<x9>192.266667</x9>
			<y9>186.85</y9>
			<x10>194.266667</x10>
			<y10>139.85</y10>
			<x11>178.266667</x11>
			<y11>54.85</y11>
			<x12>176.933333</x12>
			<y12>52.85</y12>
			<x13>143.933333</x13>
			<y13>52.6</y13>
			<x14>55.933333</x14>
			<y14>65.6</y14>
		</polygon>
	</object>
</annotation>
