<annotation>
	<folder></folder>
	<filename>0001118259_png.rf.d3c072b6a21cbe621fb287dd0a7c076b.jpg</filename>
	<path>0001118259_png.rf.d3c072b6a21cbe621fb287dd0a7c076b.jpg</path>
	<source>
		<database>roboflow.com</database>
	</source>
	<size>
		<width>197</width>
		<height>256</height>
		<depth>3</depth>
	</size>
	<segmented>0</segmented>
	<object>
		<name>document</name>
		<pose>Unspecified</pose>
		<truncated>0</truncated>
		<difficult>0</difficult>
		<occluded>0</occluded>
		<bndbox>
			<xmin>1</xmin>
			<xmax>198</xmax>
			<ymin>8</ymin>
			<ymax>249</ymax>
		</bndbox>
	</object>
</annotation>
