<annotation>
	<folder></folder>
	<filename>0001456787_png.rf.e2ad0842e2e452aa2e164a12d5a68efc.jpg</filename>
	<path>0001456787_png.rf.e2ad0842e2e452aa2e164a12d5a68efc.jpg</path>
	<source>
		<database>roboflow.com</database>
	</source>
	<size>
		<width>195</width>
		<height>256</height>
		<depth>3</depth>
	</size>
	<segmented>0</segmented>
	<object>
		<name>document</name>
		<pose>Unspecified</pose>
		<truncated>0</truncated>
		<difficult>0</difficult>
		<occluded>0</occluded>
		<bndbox>
			<xmin>1</xmin>
			<xmax>196</xmax>
			<ymin>15</ymin>
			<ymax>241</ymax>
		</bndbox>
	</object>
</annotation>
