<annotation>
	<folder></folder>
	<filename>0001129658_png.rf.3a13864540982d9d1796c56ce3d2a73a.jpg</filename>
	<path>0001129658_png.rf.3a13864540982d9d1796c56ce3d2a73a.jpg</path>
	<source>
		<database>roboflow.com</database>
	</source>
	<size>
		<width>193</width>
		<height>256</height>
		<depth>3</depth>
	</size>
	<segmented>0</segmented>
	<object>
		<name>document</name>
		<pose>Unspecified</pose>
		<truncated>0</truncated>
		<difficult>0</difficult>
		<occluded>0</occluded>
		<bndbox>
			<xmin>1</xmin>
			<xmax>194</xmax>
			<ymin>28</ymin>
			<ymax>228</ymax>
		</bndbox>
	</object>
</annotation>
