<annotation>
	<folder></folder>
	<filename>0001118259_png.rf.b56358e53e24ff8d269bb4fd84f867df.jpg</filename>
	<path>0001118259_png.rf.b56358e53e24ff8d269bb4fd84f867df.jpg</path>
	<source>
		<database>roboflow.com</database>
	</source>
	<size>
		<width>197</width>
		<height>256</height>
		<depth>3</depth>
	</size>
	<segmented>0</segmented>
	<object>
		<name>document</name>
		<pose>Unspecified</pose>
		<truncated>0</truncated>
		<difficult>0</difficult>
		<occluded>0</occluded>
		<bndbox>
			<xmin>1</xmin>
			<xmax>198</xmax>
			<ymin>1</ymin>
			<ymax>257</ymax>
		</bndbox>
	</object>
</annotation>
