<annotation>
	<folder></folder>
	<filename>0001463282_png.rf.a9b25f15464ba0cc128339167b4e4d0d.jpg</filename>
	<path>0001463282_png.rf.a9b25f15464ba0cc128339167b4e4d0d.jpg</path>
	<source>
		<database>roboflow.com</database>
	</source>
	<size>
		<width>195</width>
		<height>256</height>
		<depth>3</depth>
	</size>
	<segmented>0</segmented>
	<object>
		<name>document</name>
		<pose>Unspecified</pose>
		<truncated>0</truncated>
		<difficult>0</difficult>
		<occluded>0</occluded>
		<bndbox>
			<xmin>1</xmin>
			<xmax>183</xmax>
			<ymin>2</ymin>
			<ymax>239</ymax>
		</bndbox>
	</object>
</annotation>
