<annotation>
	<folder></folder>
	<filename>0001463282_png.rf.071892e03508cbde602e89fdefdf67be.jpg</filename>
	<path>0001463282_png.rf.071892e03508cbde602e89fdefdf67be.jpg</path>
	<source>
		<database>roboflow.com</database>
	</source>
	<size>
		<width>195</width>
		<height>256</height>
		<depth>3</depth>
	</size>
	<segmented>0</segmented>
	<object>
		<name>document</name>
		<pose>Unspecified</pose>
		<truncated>0</truncated>
		<difficult>0</difficult>
		<occluded>0</occluded>
		<bndbox>
			<xmin>7</xmin>
			<xmax>196</xmax>
			<ymin>15</ymin>
			<ymax>257</ymax>
		</bndbox>
	</object>
</annotation>
