<annotation>
	<folder></folder>
	<filename>0001456787_png.rf.cb339c13efe29029e977b4e652cb0814.jpg</filename>
	<path>0001456787_png.rf.cb339c13efe29029e977b4e652cb0814.jpg</path>
	<source>
		<database>roboflow.com</database>
	</source>
	<size>
		<width>195</width>
		<height>256</height>
		<depth>3</depth>
	</size>
	<segmented>0</segmented>
	<object>
		<name>document</name>
		<pose>Unspecified</pose>
		<truncated>0</truncated>
		<difficult>0</difficult>
		<occluded>0</occluded>
		<bndbox>
			<xmin>1</xmin>
			<xmax>196</xmax>
			<ymin>29</ymin>
			<ymax>227</ymax>
		</bndbox>
	</object>
</annotation>
