<annotation>
	<folder></folder>
	<filename>00040534_png.rf.74a3f184fb3885200742aa9e6ca7f75a.jpg</filename>
	<path>00040534_png.rf.74a3f184fb3885200742aa9e6ca7f75a.jpg</path>
	<source>
		<database>roboflow.com</database>
	</source>
	<size>
		<width>198</width>
		<height>256</height>
		<depth>3</depth>
	</size>
	<segmented>0</segmented>
	<object>
		<name>document</name>
		<pose>Unspecified</pose>
		<truncated>0</truncated>
		<difficult>0</difficult>
		<occluded>0</occluded>
		<bndbox>
			<xmin>1</xmin>
			<xmax>199</xmax>
			<ymin>17</ymin>
			<ymax>241</ymax>
		</bndbox>
	</object>
</annotation>
