<annotation>
	<folder></folder>
	<filename>00283813_png.rf.efc19e8c06e942601a5220f95ba9637a.jpg</filename>
	<path>00283813_png.rf.efc19e8c06e942601a5220f95ba9637a.jpg</path>
	<source>
		<database>roboflow.com</database>
	</source>
	<size>
		<width>200</width>
		<height>256</height>
		<depth>3</depth>
	</size>
	<segmented>0</segmented>
	<object>
		<name>document</name>
		<pose>Unspecified</pose>
		<truncated>0</truncated>
		<difficult>0</difficult>
		<occluded>0</occluded>
		<bndbox>
			<xmin>1</xmin>
			<xmax>201</xmax>
			<ymin>1</ymin>
			<ymax>257</ymax>
		</bndbox>
	</object>
</annotation>
