<annotation>
	<folder></folder>
	<filename>00836244_png.rf.6d037d4dd0d31f80856daf081c2c9851.jpg</filename>
	<path>00836244_png.rf.6d037d4dd0d31f80856daf081c2c9851.jpg</path>
	<source>
		<database>roboflow.com</database>
	</source>
	<size>
		<width>201</width>
		<height>256</height>
		<depth>3</depth>
	</size>
	<segmented>0</segmented>
	<object>
		<name>document</name>
		<pose>Unspecified</pose>
		<truncated>0</truncated>
		<difficult>0</difficult>
		<occluded>0</occluded>
		<bndbox>
			<xmin>1</xmin>
			<xmax>202</xmax>
			<ymin>15</ymin>
			<ymax>242</ymax>
		</bndbox>
	</object>
</annotation>
