<annotation>
	<folder></folder>
	<filename>00837285_png.rf.655fa5eb425d84ee7ccc600603bd2823.jpg</filename>
	<path>00837285_png.rf.655fa5eb425d84ee7ccc600603bd2823.jpg</path>
	<source>
		<database>roboflow.com</database>
	</source>
	<size>
		<width>197</width>
		<height>256</height>
		<depth>3</depth>
	</size>
	<segmented>0</segmented>
	<object>
		<name>document</name>
		<pose>Unspecified</pose>
		<truncated>0</truncated>
		<difficult>0</difficult>
		<occluded>0</occluded>
		<bndbox>
			<xmin>1</xmin>
			<xmax>198</xmax>
			<ymin>23</ymin>
			<ymax>233</ymax>
		</bndbox>
	</object>
</annotation>
