<annotation>
	<folder></folder>
	<filename>00838511_00838525_png.rf.5b37490b40a3c6b71eec8555fe22cdda.jpg</filename>
	<path>00838511_00838525_png.rf.5b37490b40a3c6b71eec8555fe22cdda.jpg</path>
	<source>
		<database>roboflow.com</database>
	</source>
	<size>
		<width>197</width>
		<height>256</height>
		<depth>3</depth>
	</size>
	<segmented>0</segmented>
	<object>
		<name>document</name>
		<pose>Unspecified</pose>
		<truncated>0</truncated>
		<difficult>0</difficult>
		<occluded>0</occluded>
		<bndbox>
			<xmin>1</xmin>
			<xmax>198</xmax>
			<ymin>1</ymin>
			<ymax>249</ymax>
		</bndbox>
	</object>
</annotation>
