<annotation>
	<folder></folder>
	<filename>00836244_png.rf.f64a1c025de45e042626ea81ff2cee10.jpg</filename>
	<path>00836244_png.rf.f64a1c025de45e042626ea81ff2cee10.jpg</path>
	<source>
		<database>roboflow.com</database>
	</source>
	<size>
		<width>201</width>
		<height>256</height>
		<depth>3</depth>
	</size>
	<segmented>0</segmented>
	<object>
		<name>document</name>
		<pose>Unspecified</pose>
		<truncated>0</truncated>
		<difficult>0</difficult>
		<occluded>0</occluded>
		<bndbox>
			<xmin>1</xmin>
			<xmax>202</xmax>
			<ymin>1</ymin>
			<ymax>257</ymax>
		</bndbox>
	</object>
</annotation>
