<annotation>
	<folder></folder>
	<filename>00851772_1780_png.rf.1bbaeb32f61a0cf7ce6199407e8d0123.jpg</filename>
	<path>00851772_1780_png.rf.1bbaeb32f61a0cf7ce6199407e8d0123.jpg</path>
	<source>
		<database>roboflow.com</database>
	</source>
	<size>
		<width>193</width>
		<height>256</height>
		<depth>3</depth>
	</size>
	<segmented>0</segmented>
	<object>
		<name>document</name>
		<pose>Unspecified</pose>
		<truncated>0</truncated>
		<difficult>0</difficult>
		<occluded>0</occluded>
		<bndbox>
			<xmin>1</xmin>
			<xmax>194</xmax>
			<ymin>15</ymin>
			<ymax>241</ymax>
		</bndbox>
	</object>
</annotation>
