<annotation>
	<folder></folder>
	<filename>00851772_1780_png.rf.8fc53c585d36329da7f7fc2e83cab2ae.jpg</filename>
	<path>00851772_1780_png.rf.8fc53c585d36329da7f7fc2e83cab2ae.jpg</path>
	<source>
		<database>roboflow.com</database>
	</source>
	<size>
		<width>193</width>
		<height>256</height>
		<depth>3</depth>
	</size>
	<segmented>0</segmented>
	<object>
		<name>document</name>
		<pose>Unspecified</pose>
		<truncated>0</truncated>
		<difficult>0</difficult>
		<occluded>0</occluded>
		<bndbox>
			<xmin>1</xmin>
			<xmax>194</xmax>
			<ymin>22</ymin>
			<ymax>234</ymax>
		</bndbox>
	</object>
</annotation>
