<annotation>
	<folder></folder>
	<filename>00866042_png.rf.5df346140b9271b81108026efc3f5b7e.jpg</filename>
	<path>00866042_png.rf.5df346140b9271b81108026efc3f5b7e.jpg</path>
	<source>
		<database>roboflow.com</database>
	</source>
	<size>
		<width>195</width>
		<height>256</height>
		<depth>3</depth>
	</size>
	<segmented>0</segmented>
	<object>
		<name>document</name>
		<pose>Unspecified</pose>
		<truncated>0</truncated>
		<difficult>0</difficult>
		<occluded>0</occluded>
		<bndbox>
			<xmin>1</xmin>
			<xmax>196</xmax>
			<ymin>21</ymin>
			<ymax>235</ymax>
		</bndbox>
	</object>
</annotation>
