<annotation>
	<folder></folder>
	<filename>00860012_00860014_png.rf.3423167609b6bf71ab5e83678e4c0b56.jpg</filename>
	<path>00860012_00860014_png.rf.3423167609b6bf71ab5e83678e4c0b56.jpg</path>
	<source>
		<database>roboflow.com</database>
	</source>
	<size>
		<width>197</width>
		<height>256</height>
		<depth>3</depth>
	</size>
	<segmented>0</segmented>
	<object>
		<name>document</name>
		<pose>Unspecified</pose>
		<truncated>0</truncated>
		<difficult>0</difficult>
		<occluded>0</occluded>
		<bndbox>
			<xmin>1</xmin>
			<xmax>198</xmax>
			<ymin>9</ymin>
			<ymax>248</ymax>
		</bndbox>
	</object>
</annotation>
