<annotation>
	<folder></folder>
	<filename>00865872_png.rf.650319e0a191dbc077bf7340ef347bd6.jpg</filename>
	<path>00865872_png.rf.650319e0a191dbc077bf7340ef347bd6.jpg</path>
	<source>
		<database>roboflow.com</database>
	</source>
	<size>
		<width>193</width>
		<height>256</height>
		<depth>3</depth>
	</size>
	<segmented>0</segmented>
	<object>
		<name>document</name>
		<pose>Unspecified</pose>
		<truncated>0</truncated>
		<difficult>0</difficult>
		<occluded>0</occluded>
		<bndbox>
			<xmin>1</xmin>
			<xmax>194</xmax>
			<ymin>19</ymin>
			<ymax>237</ymax>
		</bndbox>
	</object>
</annotation>
