<annotation>
	<folder></folder>
	<filename>00860012_00860014_png.rf.4766ae3ea45dcbaf582f8e7686856173.jpg</filename>
	<path>00860012_00860014_png.rf.4766ae3ea45dcbaf582f8e7686856173.jpg</path>
	<source>
		<database>roboflow.com</database>
	</source>
	<size>
		<width>197</width>
		<height>256</height>
		<depth>3</depth>
	</size>
	<segmented>0</segmented>
	<object>
		<name>document</name>
		<pose>Unspecified</pose>
		<truncated>0</truncated>
		<difficult>0</difficult>
		<occluded>0</occluded>
		<bndbox>
			<xmin>1</xmin>
			<xmax>198</xmax>
			<ymin>1</ymin>
			<ymax>237</ymax>
		</bndbox>
	</object>
</annotation>
