<annotation>
	<folder></folder>
	<filename>00920294_png.rf.ca8325000597a01e48fa91b9c33b9ba7.jpg</filename>
	<path>00920294_png.rf.ca8325000597a01e48fa91b9c33b9ba7.jpg</path>
	<source>
		<database>roboflow.com</database>
	</source>
	<size>
		<width>193</width>
		<height>256</height>
		<depth>3</depth>
	</size>
	<segmented>0</segmented>
	<object>
		<name>document</name>
		<pose>Unspecified</pose>
		<truncated>0</truncated>
		<difficult>0</difficult>
		<occluded>0</occluded>
		<bndbox>
			<xmin>1</xmin>
			<xmax>194</xmax>
			<ymin>24</ymin>
			<ymax>233</ymax>
		</bndbox>
	</object>
</annotation>
