<annotation>
	<folder></folder>
	<filename>00920294_png.rf.b71000c9c014d69f92f99794b158534a.jpg</filename>
	<path>00920294_png.rf.b71000c9c014d69f92f99794b158534a.jpg</path>
	<source>
		<database>roboflow.com</database>
	</source>
	<size>
		<width>193</width>
		<height>256</height>
		<depth>3</depth>
	</size>
	<segmented>0</segmented>
	<object>
		<name>document</name>
		<pose>Unspecified</pose>
		<truncated>0</truncated>
		<difficult>0</difficult>
		<occluded>0</occluded>
		<bndbox>
			<xmin>1</xmin>
			<xmax>194</xmax>
			<ymin>27</ymin>
			<ymax>230</ymax>
		</bndbox>
	</object>
</annotation>
