<annotation>
	<folder></folder>
	<filename>00Nt5b_4_png_jpg.rf.37faa7b4f42483460f7083619604b036.jpg</filename>
	<path>00Nt5b_4_png_jpg.rf.37faa7b4f42483460f7083619604b036.jpg</path>
	<source>
		<database>roboflow.com</database>
	</source>
	<size>
		<width>256</width>
		<height>256</height>
		<depth>3</depth>
	</size>
	<segmented>0</segmented>
	<object>
		<name>document</name>
		<pose>Unspecified</pose>
		<truncated>0</truncated>
		<difficult>0</difficult>
		<occluded>0</occluded>
		<bndbox>
			<xmin>4</xmin>
			<xmax>234</xmax>
			<ymin>8</ymin>
			<ymax>253</ymax>
		</bndbox>
		<polygon>
			<x1>149.321416</x1>
			<y1>241.002344</y1>
			<x2>209.404243</x2>
			<y2>251.728662</y2>
			<x3>232.622828</x3>
			<y3>90.789163</y3>
			<x4>230.545924</x4>
			<y4>59.677486</y4>
			<x5>156.063719</x5>
			<y5>31.322132</y5>
			<x6>71.82723</x6>
			<y6>6.771899</y6>
			<x7>4.308627</x7>
			<y7>198.166422</y7>
			<x8>2.733937</x8>
			<y8>206.777192</y8>
			<x9>149.321416</x9>
			<y9>241.002344</y9>
		</polygon>
	</object>
</annotation>
