<annotation>
	<folder></folder>
	<filename>00Nt5b_4_png_jpg.rf.30bde6a168744ff1b6c9bb162e9c4250.jpg</filename>
	<path>00Nt5b_4_png_jpg.rf.30bde6a168744ff1b6c9bb162e9c4250.jpg</path>
	<source>
		<database>roboflow.com</database>
	</source>
	<size>
		<width>256</width>
		<height>256</height>
		<depth>3</depth>
	</size>
	<segmented>0</segmented>
	<object>
		<name>document</name>
		<pose>Unspecified</pose>
		<truncated>0</truncated>
		<difficult>0</difficult>
		<occluded>0</occluded>
		<bndbox>
			<xmin>27</xmin>
			<xmax>249</xmax>
			<ymin>7</ymin>
			<ymax>226</ymax>
		</bndbox>
		<polygon>
			<x1>224.786806</x1>
			<y1>65.899705</y1>
			<x2>212.224652</x2>
			<y2>6.173728</y2>
			<x3>54.306312</x3>
			<y3>44.934828</y3>
			<x4>26.238088</x4>
			<y4>58.515139</y4>
			<x5>27.848987</x5>
			<y5>138.19594</y5>
			<x6>36.641953</x6>
			<y6>225.495332</y6>
			<x7>239.392778</x7>
			<y7>216.399839</y7>
			<x8>247.966433</x8>
			<y8>214.634216</y8>
			<x9>224.786806</x9>
			<y9>65.899705</y9>
		</polygon>
	</object>
</annotation>
