<annotation>
	<folder></folder>
	<filename>00Nt5b_4_png_jpg.rf.992750fc223582125fa70795f6319abc.jpg</filename>
	<path>00Nt5b_4_png_jpg.rf.992750fc223582125fa70795f6319abc.jpg</path>
	<source>
		<database>roboflow.com</database>
	</source>
	<size>
		<width>256</width>
		<height>256</height>
		<depth>3</depth>
	</size>
	<segmented>0</segmented>
	<object>
		<name>document</name>
		<pose>Unspecified</pose>
		<truncated>0</truncated>
		<difficult>0</difficult>
		<occluded>0</occluded>
		<bndbox>
			<xmin>28</xmin>
			<xmax>243</xmax>
			<ymin>13</ymin>
			<ymax>225</ymax>
		</bndbox>
		<polygon>
			<x1>228.882936</x1>
			<y1>72.802484</y1>
			<x2>220.517656</x2>
			<y2>12.345705</y2>
			<x3>60.280159</x3>
			<y3>39.996559</y3>
			<x4>31.332994</x4>
			<y4>51.585849</y4>
			<x5>27.381718</x5>
			<y5>131.184922</y5>
			<x6>30.063566</x6>
			<y6>218.885023</y6>
			<x7>232.954969</x7>
			<y7>223.954869</y7>
			<x8>241.630904</x8>
			<y8>222.791615</y8>
			<x9>228.882936</x9>
			<y9>72.802484</y9>
		</polygon>
	</object>
</annotation>
