<annotation>
	<folder></folder>
	<filename>00Nt5b_4_png_jpg.rf.1540203d5959a91b8c6e92de2df97a2c.jpg</filename>
	<path>00Nt5b_4_png_jpg.rf.1540203d5959a91b8c6e92de2df97a2c.jpg</path>
	<source>
		<database>roboflow.com</database>
	</source>
	<size>
		<width>256</width>
		<height>256</height>
		<depth>3</depth>
	</size>
	<segmented>0</segmented>
	<object>
		<name>document</name>
		<pose>Unspecified</pose>
		<truncated>0</truncated>
		<difficult>0</difficult>
		<occluded>0</occluded>
		<bndbox>
			<xmin>23</xmin>
			<xmax>234</xmax>
			<ymin>22</ymin>
			<ymax>235</ymax>
		</bndbox>
		<polygon>
			<x1>222.6</x1>
			<y1>69.85</y1>
			<x2>214.1</x2>
			<y2>39.85</y2>
			<x3>135.35</x3>
			<y3>27.6</y3>
			<x4>47.85</x4>
			<y4>21.1</y4>
			<x5>21.6</x5>
			<y5>222.35</y5>
			<x6>21.85</x6>
			<y6>231.1</y6>
			<x7>172.35</x7>
			<y7>234.1</y7>
			<x8>233.35</x8>
			<y8>232.1</y8>
			<x9>222.6</x9>
			<y9>69.85</y9>
		</polygon>
	</object>
</annotation>
