<annotation>
	<folder></folder>
	<filename>00Nt5b_4_png_jpg.rf.0e3ac00ecae1a5be90fa4b6345a591f9.jpg</filename>
	<path>00Nt5b_4_png_jpg.rf.0e3ac00ecae1a5be90fa4b6345a591f9.jpg</path>
	<source>
		<database>roboflow.com</database>
	</source>
	<size>
		<width>256</width>
		<height>256</height>
		<depth>3</depth>
	</size>
	<segmented>0</segmented>
	<object>
		<name>document</name>
		<pose>Unspecified</pose>
		<truncated>0</truncated>
		<difficult>0</difficult>
		<occluded>0</occluded>
		<bndbox>
			<xmin>26</xmin>
			<xmax>250</xmax>
			<ymin>10</ymin>
			<ymax>247</ymax>
		</bndbox>
		<polygon>
			<x1>100.793719</x1>
			<y1>16.268399</y1>
			<x2>40.231861</x2>
			<y2>8.701273</y2>
			<x3>25.468019</x3>
			<y3>170.635377</y3>
			<x4>29.170336</x4>
			<y4>201.59572</y4>
			<x5>105.03447</x5>
			<y5>226.014116</y5>
			<x6>190.440376</x6>
			<y6>246.122106</y6>
			<x7>247.849631</x7>
			<y7>51.456232</y7>
			<x8>248.971511</x8>
			<y8>42.774851</y8>
			<x9>100.793719</x9>
			<y9>16.268399</y9>
		</polygon>
	</object>
</annotation>
