<annotation>
	<folder></folder>
	<filename>01122115_png.rf.64b53e6bd7ca8b5a31257c8c79d43c05.jpg</filename>
	<path>01122115_png.rf.64b53e6bd7ca8b5a31257c8c79d43c05.jpg</path>
	<source>
		<database>roboflow.com</database>
	</source>
	<size>
		<width>196</width>
		<height>256</height>
		<depth>3</depth>
	</size>
	<segmented>0</segmented>
	<object>
		<name>document</name>
		<pose>Unspecified</pose>
		<truncated>0</truncated>
		<difficult>0</difficult>
		<occluded>0</occluded>
		<bndbox>
			<xmin>1</xmin>
			<xmax>197</xmax>
			<ymin>1</ymin>
			<ymax>257</ymax>
		</bndbox>
	</object>
</annotation>
