<annotation>
	<folder></folder>
	<filename>01122115_png.rf.ed022daa1967c17715be92f68ccf0c53.jpg</filename>
	<path>01122115_png.rf.ed022daa1967c17715be92f68ccf0c53.jpg</path>
	<source>
		<database>roboflow.com</database>
	</source>
	<size>
		<width>196</width>
		<height>256</height>
		<depth>3</depth>
	</size>
	<segmented>0</segmented>
	<object>
		<name>document</name>
		<pose>Unspecified</pose>
		<truncated>0</truncated>
		<difficult>0</difficult>
		<occluded>0</occluded>
		<bndbox>
			<xmin>1</xmin>
			<xmax>197</xmax>
			<ymin>9</ymin>
			<ymax>249</ymax>
		</bndbox>
	</object>
</annotation>
