<annotation>
	<folder></folder>
	<filename>01150773_01150774_png.rf.d0e91cbb5e3e2bbc660bf49856ce8918.jpg</filename>
	<path>01150773_01150774_png.rf.d0e91cbb5e3e2bbc660bf49856ce8918.jpg</path>
	<source>
		<database>roboflow.com</database>
	</source>
	<size>
		<width>193</width>
		<height>256</height>
		<depth>3</depth>
	</size>
	<segmented>0</segmented>
	<object>
		<name>document</name>
		<pose>Unspecified</pose>
		<truncated>0</truncated>
		<difficult>0</difficult>
		<occluded>0</occluded>
		<bndbox>
			<xmin>1</xmin>
			<xmax>194</xmax>
			<ymin>16</ymin>
			<ymax>240</ymax>
		</bndbox>
	</object>
</annotation>
