<annotation>
	<folder></folder>
	<filename>01197604_png.rf.794e903b8c14ae57c26a7d2095aa54e6.jpg</filename>
	<path>01197604_png.rf.794e903b8c14ae57c26a7d2095aa54e6.jpg</path>
	<source>
		<database>roboflow.com</database>
	</source>
	<size>
		<width>198</width>
		<height>256</height>
		<depth>3</depth>
	</size>
	<segmented>0</segmented>
	<object>
		<name>document</name>
		<pose>Unspecified</pose>
		<truncated>0</truncated>
		<difficult>0</difficult>
		<occluded>0</occluded>
		<bndbox>
			<xmin>1</xmin>
			<xmax>199</xmax>
			<ymin>8</ymin>
			<ymax>250</ymax>
		</bndbox>
	</object>
</annotation>
