<annotation>
	<folder></folder>
	<filename>01191071_1072_png.rf.76e337091c7ad394104a0cee168781ca.jpg</filename>
	<path>01191071_1072_png.rf.76e337091c7ad394104a0cee168781ca.jpg</path>
	<source>
		<database>roboflow.com</database>
	</source>
	<size>
		<width>193</width>
		<height>256</height>
		<depth>3</depth>
	</size>
	<segmented>0</segmented>
	<object>
		<name>document</name>
		<pose>Unspecified</pose>
		<truncated>0</truncated>
		<difficult>0</difficult>
		<occluded>0</occluded>
		<bndbox>
			<xmin>1</xmin>
			<xmax>194</xmax>
			<ymin>16</ymin>
			<ymax>240</ymax>
		</bndbox>
	</object>
</annotation>
