<annotation>
	<folder></folder>
	<filename>01408099_01408101_png.rf.1b31906de0d1f75f093253948d9aaba0.jpg</filename>
	<path>01408099_01408101_png.rf.1b31906de0d1f75f093253948d9aaba0.jpg</path>
	<source>
		<database>roboflow.com</database>
	</source>
	<size>
		<width>197</width>
		<height>256</height>
		<depth>3</depth>
	</size>
	<segmented>0</segmented>
	<object>
		<name>document</name>
		<pose>Unspecified</pose>
		<truncated>0</truncated>
		<difficult>0</difficult>
		<occluded>0</occluded>
		<bndbox>
			<xmin>1</xmin>
			<xmax>198</xmax>
			<ymin>26</ymin>
			<ymax>230</ymax>
		</bndbox>
	</object>
</annotation>
