<annotation>
	<folder></folder>
	<filename>0BGyQ6_4_png_jpg.rf.44dd03a6aef9f589a6a7698142b354d5.jpg</filename>
	<path>0BGyQ6_4_png_jpg.rf.44dd03a6aef9f589a6a7698142b354d5.jpg</path>
	<source>
		<database>roboflow.com</database>
	</source>
	<size>
		<width>256</width>
		<height>256</height>
		<depth>3</depth>
	</size>
	<segmented>0</segmented>
	<object>
		<name>document</name>
		<pose>Unspecified</pose>
		<truncated>0</truncated>
		<difficult>0</difficult>
		<occluded>0</occluded>
		<bndbox>
			<xmin>27</xmin>
			<xmax>250</xmax>
			<ymin>34</ymin>
			<ymax>217</ymax>
		</bndbox>
		<polygon>
			<x1>48.785317</x1>
			<y1>32.820084</y1>
			<x2>40.832431</x2>
			<y2>35.345279</y2>
			<x3>25.974081</x3>
			<y3>165.269216</y3>
			<x4>142.238304</x4>
			<y4>207.349563</y4>
			<x5>249.440814</x5>
			<y5>216.188214</y5>
			<x6>238.072477</x6>
			<y6>142.813247</y6>
			<x7>226.583734</x7>
			<y7>89.453535</y7>
			<x8>166.084011</x8>
			<y8>63.852587</y8>
			<x9>101.401181</x9>
			<y9>42.204689</y9>
			<x10>48.785317</x10>
			<y10>32.820084</y10>
		</polygon>
	</object>
</annotation>
