<annotation>
	<folder></folder>
	<filename>0BGyQ6_4_png_jpg.rf.44abb2584ba6982ffac70a1b5be44e6f.jpg</filename>
	<path>0BGyQ6_4_png_jpg.rf.44abb2584ba6982ffac70a1b5be44e6f.jpg</path>
	<source>
		<database>roboflow.com</database>
	</source>
	<size>
		<width>256</width>
		<height>256</height>
		<depth>3</depth>
	</size>
	<segmented>0</segmented>
	<object>
		<name>document</name>
		<pose>Unspecified</pose>
		<truncated>0</truncated>
		<difficult>0</difficult>
		<occluded>0</occluded>
		<bndbox>
			<xmin>12</xmin>
			<xmax>241</xmax>
			<ymin>21</ymin>
			<ymax>234</ymax>
		</bndbox>
		<polygon>
			<x1>240.439008</x1>
			<y1>76.118866</y1>
			<x2>240.058215</x2>
			<y2>67.7834</y2>
			<x3>118.406953</x3>
			<y3>19.804547</y3>
			<x4>47.669063</x4>
			<y4>121.215967</y4>
			<x5>11.385531</x5>
			<y5>222.478029</y5>
			<x6>85.202649</x6>
			<y6>230.487898</y6>
			<x7>139.717678</x7>
			<y7>233.201134</y7>
			<x8>180.104776</x8>
			<y8>181.388902</y8>
			<x9>217.756187</x9>
			<y9>124.512974</y9>
			<x10>240.439008</x10>
			<y10>76.118866</y10>
		</polygon>
	</object>
</annotation>
