<annotation>
	<folder></folder>
	<filename>0BGyQ6_4_png_jpg.rf.a6f0bf145bbf7f5a9ffb03a809185fec.jpg</filename>
	<path>0BGyQ6_4_png_jpg.rf.a6f0bf145bbf7f5a9ffb03a809185fec.jpg</path>
	<source>
		<database>roboflow.com</database>
	</source>
	<size>
		<width>256</width>
		<height>256</height>
		<depth>3</depth>
	</size>
	<segmented>0</segmented>
	<object>
		<name>document</name>
		<pose>Unspecified</pose>
		<truncated>0</truncated>
		<difficult>0</difficult>
		<occluded>0</occluded>
		<bndbox>
			<xmin>33</xmin>
			<xmax>229</xmax>
			<ymin>25</ymin>
			<ymax>244</ymax>
		</bndbox>
		<polygon>
			<x1>228.4738</x1>
			<y1>55.617695</y1>
			<x2>226.509521</x2>
			<y2>47.508033</y2>
			<x3>97.938538</x3>
			<y3>23.622842</y3>
			<x4>47.850514</x4>
			<y4>136.668474</y4>
			<x5>31.555325</x5>
			<y5>242.993292</y5>
			<x6>105.54457</x6>
			<y6>236.771026</y6>
			<x7>159.575714</x7>
			<y7>229.032454</y7>
			<x8>189.334547</x8>
			<y8>170.465938</y8>
			<x9>215.441757</x9>
			<y9>107.450753</y9>
			<x10>228.4738</x10>
			<y10>55.617695</y10>
		</polygon>
	</object>
</annotation>
