<annotation>
	<folder></folder>
	<filename>0BGyQ6_4_png_jpg.rf.324f16ecfa87de3f6e7425ad0a6486b2.jpg</filename>
	<path>0BGyQ6_4_png_jpg.rf.324f16ecfa87de3f6e7425ad0a6486b2.jpg</path>
	<source>
		<database>roboflow.com</database>
	</source>
	<size>
		<width>256</width>
		<height>256</height>
		<depth>3</depth>
	</size>
	<segmented>0</segmented>
	<object>
		<name>document</name>
		<pose>Unspecified</pose>
		<truncated>0</truncated>
		<difficult>0</difficult>
		<occluded>0</occluded>
		<bndbox>
			<xmin>23</xmin>
			<xmax>235</xmax>
			<ymin>23</ymin>
			<ymax>236</ymax>
		</bndbox>
		<polygon>
			<x1>208.6</x1>
			<y1>126.35</y1>
			<x2>234.1</x2>
			<y2>21.85</y2>
			<x3>159.85</x3>
			<y3>21.6</y3>
			<x4>105.35</x4>
			<y4>24.6</y4>
			<x5>70.6</x5>
			<y5>80.35</y5>
			<x6>39.1</x6>
			<y6>140.85</y6>
			<x7>21.6</x7>
			<y7>191.35</y7>
			<x8>22.85</x8>
			<y8>199.6</y8>
			<x9>148.85</x9>
			<y9>234.6</y9>
			<x10>208.6</x10>
			<y10>126.35</y10>
		</polygon>
	</object>
</annotation>
