<annotation>
	<folder></folder>
	<filename>0BGyQ6_4_png_jpg.rf.72c1af894ecf1b9e4642d2ab01db7690.jpg</filename>
	<path>0BGyQ6_4_png_jpg.rf.72c1af894ecf1b9e4642d2ab01db7690.jpg</path>
	<source>
		<database>roboflow.com</database>
	</source>
	<size>
		<width>256</width>
		<height>256</height>
		<depth>3</depth>
	</size>
	<segmented>0</segmented>
	<object>
		<name>document</name>
		<pose>Unspecified</pose>
		<truncated>0</truncated>
		<difficult>0</difficult>
		<occluded>0</occluded>
		<bndbox>
			<xmin>11</xmin>
			<xmax>242</xmax>
			<ymin>21</ymin>
			<ymax>234</ymax>
		</bndbox>
		<polygon>
			<x1>241.327333</x1>
			<y1>78.089099</y1>
			<x2>241.092073</x2>
			<y2>69.748257</y2>
			<x3>120.296685</x3>
			<y3>19.653604</y3>
			<x4>47.799696</x4>
			<y4>119.815032</y4>
			<x5>9.754423</x5>
			<y5>220.428437</y5>
			<x6>83.420507</x6>
			<y6>229.725372</y6>
			<x7>137.87988</x7>
			<y7>233.389613</y7>
			<x8>179.165075</x8>
			<y8>182.290124</y8>
			<x9>217.803374</x9>
			<y9>126.079967</y9>
			<x10>241.327333</x10>
			<y10>78.089099</y10>
		</polygon>
	</object>
</annotation>
