<annotation>
	<folder></folder>
	<filename>0EN097_4_png_jpg.rf.8d44852f2ace47ecb859eb522178e9ae.jpg</filename>
	<path>0EN097_4_png_jpg.rf.8d44852f2ace47ecb859eb522178e9ae.jpg</path>
	<source>
		<database>roboflow.com</database>
	</source>
	<size>
		<width>256</width>
		<height>256</height>
		<depth>3</depth>
	</size>
	<segmented>0</segmented>
	<object>
		<name>document</name>
		<pose>Unspecified</pose>
		<truncated>0</truncated>
		<difficult>0</difficult>
		<occluded>0</occluded>
		<bndbox>
			<xmin>25</xmin>
			<xmax>236</xmax>
			<ymin>29</ymin>
			<ymax>241</ymax>
		</bndbox>
		<polygon>
			<x1>234.50915</x1>
			<y1>29.08876</y1>
			<x2>24.310939</x2>
			<y2>28.173845</y2>
			<x3>69.088606</x3>
			<y3>230.039111</y3>
			<x4>226.00787</x4>
			<y4>240.260144</y4>
			<x5>234.50915</x5>
			<y5>29.08876</y5>
		</polygon>
	</object>
</annotation>
