<annotation>
	<folder></folder>
	<filename>0EN097_4_png_jpg.rf.bb67e2ff5d538fea3765667adf76ecd0.jpg</filename>
	<path>0EN097_4_png_jpg.rf.bb67e2ff5d538fea3765667adf76ecd0.jpg</path>
	<source>
		<database>roboflow.com</database>
	</source>
	<size>
		<width>256</width>
		<height>256</height>
		<depth>3</depth>
	</size>
	<segmented>0</segmented>
	<object>
		<name>document</name>
		<pose>Unspecified</pose>
		<truncated>0</truncated>
		<difficult>0</difficult>
		<occluded>0</occluded>
		<bndbox>
			<xmin>31</xmin>
			<xmax>241</xmax>
			<ymin>24</ymin>
			<ymax>246</ymax>
		</bndbox>
		<polygon>
			<x1>239.539798</x1>
			<y1>34.798573</y1>
			<x2>29.677539</x2>
			<y2>22.883987</y2>
			<x3>63.829028</x3>
			<y3>226.816086</y3>
			<x4>219.998312</x4>
			<y4>245.235631</y4>
			<x5>239.539798</x5>
			<y5>34.798573</y5>
		</polygon>
	</object>
</annotation>
