<annotation>
	<folder></folder>
	<filename>0EN097_4_png_jpg.rf.4d3fcff9b1c0e1a46a2d09dda4a9ca4d.jpg</filename>
	<path>0EN097_4_png_jpg.rf.4d3fcff9b1c0e1a46a2d09dda4a9ca4d.jpg</path>
	<source>
		<database>roboflow.com</database>
	</source>
	<size>
		<width>256</width>
		<height>256</height>
		<depth>3</depth>
	</size>
	<segmented>0</segmented>
	<object>
		<name>document</name>
		<pose>Unspecified</pose>
		<truncated>0</truncated>
		<difficult>0</difficult>
		<occluded>0</occluded>
		<bndbox>
			<xmin>17</xmin>
			<xmax>248</xmax>
			<ymin>7</ymin>
			<ymax>248</ymax>
		</bndbox>
		<polygon>
			<x1>246.89429</x1>
			<y1>211.616867</y1>
			<x2>204.086546</x2>
			<y2>5.821769</y2>
			<x3>15.942321</x3>
			<y3>91.591086</y3>
			<x4>38.569992</x4>
			<y4>247.20636</y4>
			<x5>246.89429</x5>
			<y5>211.616867</y5>
		</polygon>
	</object>
</annotation>
