<annotation>
	<folder></folder>
	<filename>0EN097_4_png_jpg.rf.a0e56d69f53d9e64f234d7827c414c30.jpg</filename>
	<path>0EN097_4_png_jpg.rf.a0e56d69f53d9e64f234d7827c414c30.jpg</path>
	<source>
		<database>roboflow.com</database>
	</source>
	<size>
		<width>256</width>
		<height>256</height>
		<depth>3</depth>
	</size>
	<segmented>0</segmented>
	<object>
		<name>document</name>
		<pose>Unspecified</pose>
		<truncated>0</truncated>
		<difficult>0</difficult>
		<occluded>0</occluded>
		<bndbox>
			<xmin>28</xmin>
			<xmax>240</xmax>
			<ymin>24</ymin>
			<ymax>234</ymax>
		</bndbox>
		<polygon>
			<x1>27.244984</x1>
			<y1>23.233311</y1>
			<x2>29.998673</x2>
			<y2>233.415475</y2>
			<x3>231.051716</x3>
			<y3>185.121593</y3>
			<x4>238.532573</x4>
			<y4>28.047847</y4>
			<x5>27.244984</x5>
			<y5>23.233311</y5>
		</polygon>
	</object>
</annotation>
