<annotation>
	<folder></folder>
	<filename>0EN097_4_png_jpg.rf.929afbf0ba79bc40dfe73f294b7e7e57.jpg</filename>
	<path>0EN097_4_png_jpg.rf.929afbf0ba79bc40dfe73f294b7e7e57.jpg</path>
	<source>
		<database>roboflow.com</database>
	</source>
	<size>
		<width>256</width>
		<height>256</height>
		<depth>3</depth>
	</size>
	<segmented>0</segmented>
	<object>
		<name>document</name>
		<pose>Unspecified</pose>
		<truncated>0</truncated>
		<difficult>0</difficult>
		<occluded>0</occluded>
		<bndbox>
			<xmin>23</xmin>
			<xmax>235</xmax>
			<ymin>19</ymin>
			<ymax>235</ymax>
		</bndbox>
		<polygon>
			<x1>22.1</x1>
			<y1>76.35</y1>
			<x2>22.85</x2>
			<y2>233.6</y2>
			<x3>234.1</x3>
			<y3>227.35</y3>
			<x4>220.35</x4>
			<y4>17.6</y4>
			<x5>22.1</x5>
			<y5>76.35</y5>
		</polygon>
	</object>
</annotation>
