<annotation>
	<folder></folder>
	<filename>0fmHLo_2_png_jpg.rf.fb6b1df00fc7ebacb12d81d8dc055c74.jpg</filename>
	<path>0fmHLo_2_png_jpg.rf.fb6b1df00fc7ebacb12d81d8dc055c74.jpg</path>
	<source>
		<database>roboflow.com</database>
	</source>
	<size>
		<width>256</width>
		<height>256</height>
		<depth>3</depth>
	</size>
	<segmented>0</segmented>
	<object>
		<name>document</name>
		<pose>Unspecified</pose>
		<truncated>0</truncated>
		<difficult>0</difficult>
		<occluded>0</occluded>
		<bndbox>
			<xmin>15</xmin>
			<xmax>247</xmax>
			<ymin>22</ymin>
			<ymax>240</ymax>
		</bndbox>
		<polygon>
			<x1>123.10641</x1>
			<y1>234.647481</y1>
			<x2>197.654636</x2>
			<y2>238.608156</y2>
			<x3>245.463849</x3>
			<y3>61.405506</y3>
			<x4>246.326536</x4>
			<y4>51.164374</y4>
			<x5>182.938102</x5>
			<y5>29.481284</y5>
			<x6>40.990119</x6>
			<y6>21.173444</y6>
			<x7>37.428155</x7>
			<y7>22.88733</y7>
			<x8>13.819604</x8>
			<y8>199.113779</y8>
			<x9>123.10641</x9>
			<y9>234.647481</y9>
		</polygon>
	</object>
</annotation>
