<annotation>
	<folder></folder>
	<filename>0fmHLo_2_png_jpg.rf.a68bd89d0be51e827a92db6927efca19.jpg</filename>
	<path>0fmHLo_2_png_jpg.rf.a68bd89d0be51e827a92db6927efca19.jpg</path>
	<source>
		<database>roboflow.com</database>
	</source>
	<size>
		<width>256</width>
		<height>256</height>
		<depth>3</depth>
	</size>
	<segmented>0</segmented>
	<object>
		<name>document</name>
		<pose>Unspecified</pose>
		<truncated>0</truncated>
		<difficult>0</difficult>
		<occluded>0</occluded>
		<bndbox>
			<xmin>6</xmin>
			<xmax>248</xmax>
			<ymin>14</ymin>
			<ymax>242</ymax>
		</bndbox>
		<polygon>
			<x1>140.321022</x1>
			<y1>21.953666</y1>
			<x2>66.230674</x2>
			<y2>12.802418</y2>
			<x3>6.17689</x3>
			<y3>186.23841</y3>
			<x4>4.601919</x4>
			<y4>196.394416</y4>
			<x5>66.323406</x5>
			<y5>222.446441</y5>
			<x6>207.346085</x6>
			<y6>240.635835</y6>
			<x7>211.018928</x7>
			<y7>239.174593</y7>
			<x8>246.862905</x8>
			<y8>65.024272</y8>
			<x9>140.321022</x9>
			<y9>21.953666</y9>
		</polygon>
	</object>
</annotation>
