<annotation>
	<folder></folder>
	<filename>0fmHLo_2_png_jpg.rf.e29855eab72e132396faec4d677d7bd2.jpg</filename>
	<path>0fmHLo_2_png_jpg.rf.e29855eab72e132396faec4d677d7bd2.jpg</path>
	<source>
		<database>roboflow.com</database>
	</source>
	<size>
		<width>256</width>
		<height>256</height>
		<depth>3</depth>
	</size>
	<segmented>0</segmented>
	<object>
		<name>document</name>
		<pose>Unspecified</pose>
		<truncated>0</truncated>
		<difficult>0</difficult>
		<occluded>0</occluded>
		<bndbox>
			<xmin>23</xmin>
			<xmax>235</xmax>
			<ymin>23</ymin>
			<ymax>235</ymax>
		</bndbox>
		<polygon>
			<x1>233.6</x1>
			<y1>43.85</y1>
			<x2>232.85</x2>
			<y2>33.6</y2>
			<x3>166.85</x3>
			<y3>22.1</y3>
			<x4>25.35</x4>
			<y4>36.1</y4>
			<x5>22.1</x5>
			<y5>38.35</y5>
			<x6>26.35</x6>
			<y6>216.1</y6>
			<x7>139.85</x7>
			<y7>234.1</y7>
			<x8>214.1</x8>
			<y8>226.35</y8>
			<x9>233.6</x9>
			<y9>43.85</y9>
		</polygon>
	</object>
</annotation>
