<annotation>
	<folder></folder>
	<filename>0fmHLo_2_png_jpg.rf.52463cb72f55efadad8f05ab18abb11f.jpg</filename>
	<path>0fmHLo_2_png_jpg.rf.52463cb72f55efadad8f05ab18abb11f.jpg</path>
	<source>
		<database>roboflow.com</database>
	</source>
	<size>
		<width>256</width>
		<height>256</height>
		<depth>3</depth>
	</size>
	<segmented>0</segmented>
	<object>
		<name>document</name>
		<pose>Unspecified</pose>
		<truncated>0</truncated>
		<difficult>0</difficult>
		<occluded>0</occluded>
		<bndbox>
			<xmin>22</xmin>
			<xmax>240</xmax>
			<ymin>11</ymin>
			<ymax>243</ymax>
		</bndbox>
		<polygon>
			<x1>234.647481</x1>
			<y1>132.89359</y1>
			<x2>238.608156</x2>
			<y2>58.345364</y2>
			<x3>61.405506</x3>
			<y3>10.536151</y3>
			<x4>51.164374</x4>
			<y4>9.673464</y4>
			<x5>29.481284</x5>
			<y5>73.061898</y5>
			<x6>21.173444</x6>
			<y6>215.009881</y6>
			<x7>22.88733</x7>
			<y7>218.571845</y7>
			<x8>199.113779</x8>
			<y8>242.180396</y8>
			<x9>234.647481</x9>
			<y9>132.89359</y9>
		</polygon>
	</object>
</annotation>
