<annotation>
	<folder></folder>
	<filename>0fmHLo_2_png_jpg.rf.c24036e66aaaf6b53564364414fafb84.jpg</filename>
	<path>0fmHLo_2_png_jpg.rf.c24036e66aaaf6b53564364414fafb84.jpg</path>
	<source>
		<database>roboflow.com</database>
	</source>
	<size>
		<width>256</width>
		<height>256</height>
		<depth>3</depth>
	</size>
	<segmented>0</segmented>
	<object>
		<name>document</name>
		<pose>Unspecified</pose>
		<truncated>0</truncated>
		<difficult>0</difficult>
		<occluded>0</occluded>
		<bndbox>
			<xmin>8</xmin>
			<xmax>232</xmax>
			<ymin>16</ymin>
			<ymax>235</ymax>
		</bndbox>
		<polygon>
			<x1>159.877117</x1>
			<y1>229.889558</y1>
			<x2>231.284165</x2>
			<y2>208.114379</y2>
			<x3>215.603254</x3>
			<y3>25.246643</y3>
			<x4>212.911241</x4>
			<y4>15.328071</y4>
			<x5>145.929543</x5>
			<y5>16.632752</y5>
			<x6>9.700623</x6>
			<y6>57.375005</y6>
			<x7>6.939655</x7>
			<y7>60.203796</y7>
			<x8>45.027869</x8>
			<y8>233.877089</y8>
			<x9>159.877117</x9>
			<y9>229.889558</y9>
		</polygon>
	</object>
</annotation>
