<annotation>
	<folder></folder>
	<filename>0Hjwmj_4_png_jpg.rf.1a5d912240d0e081b4150b88a5d0b8c9.jpg</filename>
	<path>0Hjwmj_4_png_jpg.rf.1a5d912240d0e081b4150b88a5d0b8c9.jpg</path>
	<source>
		<database>roboflow.com</database>
	</source>
	<size>
		<width>256</width>
		<height>256</height>
		<depth>3</depth>
	</size>
	<segmented>0</segmented>
	<object>
		<name>document</name>
		<pose>Unspecified</pose>
		<truncated>0</truncated>
		<difficult>0</difficult>
		<occluded>0</occluded>
		<bndbox>
			<xmin>23</xmin>
			<xmax>230</xmax>
			<ymin>12</ymin>
			<ymax>231</ymax>
		</bndbox>
		<polygon>
			<x1>223.277334</x1>
			<y1>38.620684</y1>
			<x2>62.884627</x2>
			<y2>11.256389</y2>
			<x3>56.870832</x3>
			<y3>11.546688</y3>
			<x4>55.50817</x4>
			<y4>14.751083</y4>
			<x5>22.280792</x5>
			<y5>106.647445</y5>
			<x6>31.997075</x6>
			<y6>229.561415</y6>
			<x7>229.397387</x7>
			<y7>228.700062</y7>
			<x8>223.277334</x8>
			<y8>38.620684</y8>
		</polygon>
	</object>
</annotation>
