<annotation>
	<folder></folder>
	<filename>0Hjwmj_4_png_jpg.rf.6ce60cbc637652276ee6ca703648a7ae.jpg</filename>
	<path>0Hjwmj_4_png_jpg.rf.6ce60cbc637652276ee6ca703648a7ae.jpg</path>
	<source>
		<database>roboflow.com</database>
	</source>
	<size>
		<width>256</width>
		<height>256</height>
		<depth>3</depth>
	</size>
	<segmented>0</segmented>
	<object>
		<name>document</name>
		<pose>Unspecified</pose>
		<truncated>0</truncated>
		<difficult>0</difficult>
		<occluded>0</occluded>
		<bndbox>
			<xmin>22</xmin>
			<xmax>238</xmax>
			<ymin>15</ymin>
			<ymax>254</ymax>
		</bndbox>
		<polygon>
			<x1>21.210702</x1>
			<y1>203.249441</y1>
			<x2>176.234105</x2>
			<y2>252.669778</y2>
			<x3>182.229775</x3>
			<y3>253.219264</y3>
			<x4>184.025141</x4>
			<y4>250.235699</y4>
			<x5>229.718655</x5>
			<y5>163.858023</y5>
			<x6>237.203248</x6>
			<y6>40.787999</y6>
			<x7>41.604145</x7>
			<y7>14.168156</y7>
			<x8>21.210702</x8>
			<y8>203.249441</y8>
		</polygon>
	</object>
</annotation>
