<annotation>
	<folder></folder>
	<filename>0Hjwmj_4_png_jpg.rf.8e60752e68494d3de920ed18382d63c7.jpg</filename>
	<path>0Hjwmj_4_png_jpg.rf.8e60752e68494d3de920ed18382d63c7.jpg</path>
	<source>
		<database>roboflow.com</database>
	</source>
	<size>
		<width>256</width>
		<height>256</height>
		<depth>3</depth>
	</size>
	<segmented>0</segmented>
	<object>
		<name>document</name>
		<pose>Unspecified</pose>
		<truncated>0</truncated>
		<difficult>0</difficult>
		<occluded>0</occluded>
		<bndbox>
			<xmin>21</xmin>
			<xmax>248</xmax>
			<ymin>23</ymin>
			<ymax>247</ymax>
		</bndbox>
		<polygon>
			<x1>204.472443</x1>
			<y1>22.083061</y1>
			<x2>41.805248</x2>
			<y2>25.825897</y2>
			<x3>35.957336</x3>
			<y3>27.258348</y3>
			<x4>35.231137</x4>
			<y4>30.663878</y4>
			<x5>20.148892</x5>
			<y5>127.211928</y5>
			<x6>53.139751</x6>
			<y6>246.013667</y6>
			<x7>246.748909</x7>
			<y7>207.502384</y7>
			<x8>204.472443</x8>
			<y8>22.083061</y8>
		</polygon>
	</object>
</annotation>
