<annotation>
	<folder></folder>
	<filename>0Hjwmj_4_png_jpg.rf.174691ff5ba671a30392e5a8b64019ae.jpg</filename>
	<path>0Hjwmj_4_png_jpg.rf.174691ff5ba671a30392e5a8b64019ae.jpg</path>
	<source>
		<database>roboflow.com</database>
	</source>
	<size>
		<width>256</width>
		<height>256</height>
		<depth>3</depth>
	</size>
	<segmented>0</segmented>
	<object>
		<name>document</name>
		<pose>Unspecified</pose>
		<truncated>0</truncated>
		<difficult>0</difficult>
		<occluded>0</occluded>
		<bndbox>
			<xmin>23</xmin>
			<xmax>234</xmax>
			<ymin>15</ymin>
			<ymax>234</ymax>
		</bndbox>
		<polygon>
			<x1>58.85</x1>
			<y1>13.6</y1>
			<x2>52.85</x2>
			<y2>14.1</y2>
			<x3>51.6</x3>
			<y3>17.35</y3>
			<x4>21.6</x4>
			<y4>110.35</y4>
			<x5>35.6</x5>
			<y5>232.85</y5>
			<x6>232.85</x6>
			<y6>225.1</y6>
			<x7>220.1</x7>
			<y7>35.35</y7>
			<x8>58.85</x8>
			<y8>13.6</y8>
		</polygon>
	</object>
</annotation>
