<annotation>
	<folder></folder>
	<filename>0Hjwmj_4_png_jpg.rf.af444a76a5c170d6fb333bc79d76c04d.jpg</filename>
	<path>0Hjwmj_4_png_jpg.rf.af444a76a5c170d6fb333bc79d76c04d.jpg</path>
	<source>
		<database>roboflow.com</database>
	</source>
	<size>
		<width>256</width>
		<height>256</height>
		<depth>3</depth>
	</size>
	<segmented>0</segmented>
	<object>
		<name>document</name>
		<pose>Unspecified</pose>
		<truncated>0</truncated>
		<difficult>0</difficult>
		<occluded>0</occluded>
		<bndbox>
			<xmin>21</xmin>
			<xmax>249</xmax>
			<ymin>22</ymin>
			<ymax>248</ymax>
		</bndbox>
		<polygon>
			<x1>202.61229</x1>
			<y1>20.764565</y1>
			<x2>40.035192</x2>
			<y2>27.345765</y2>
			<x3>34.21317</x3>
			<y3>28.880057</y3>
			<x4>33.546517</x4>
			<y4>32.297743</y4>
			<x5>20.151565</x5>
			<y5>129.094309</y5>
			<x6>55.210775</x6>
			<y6>247.302185</y6>
			<x7>248.118331</x7>
			<y7>205.417821</y7>
			<x8>202.61229</x8>
			<y8>20.764565</y8>
		</polygon>
	</object>
</annotation>
