<annotation>
	<folder></folder>
	<filename>0LLg1o_4_png_jpg.rf.da471ef5f73c138c33878212bb403e16.jpg</filename>
	<path>0LLg1o_4_png_jpg.rf.da471ef5f73c138c33878212bb403e16.jpg</path>
	<source>
		<database>roboflow.com</database>
	</source>
	<size>
		<width>256</width>
		<height>256</height>
		<depth>3</depth>
	</size>
	<segmented>0</segmented>
	<object>
		<name>document</name>
		<pose>Unspecified</pose>
		<truncated>0</truncated>
		<difficult>0</difficult>
		<occluded>0</occluded>
		<bndbox>
			<xmin>23</xmin>
			<xmax>239</xmax>
			<ymin>22</ymin>
			<ymax>235</ymax>
		</bndbox>
		<polygon>
			<x1>189.15</x1>
			<y1>233.9</y1>
			<x2>194.4</x2>
			<y2>226.65</y2>
			<x3>216.9</x3>
			<y3>173.15</y3>
			<x4>238.4</x4>
			<y4>81.65</y4>
			<x5>236.4</x5>
			<y5>74.15</y5>
			<x6>217.4</x6>
			<y6>52.65</y6>
			<x7>202.65</x7>
			<y7>42.4</y7>
			<x8>68.65</x8>
			<y8>21.4</y8>
			<x9>22.4</x9>
			<y9>230.65</y9>
			<x10>100.65</x10>
			<y10>234.4</y10>
			<x11>189.15</x11>
			<y11>233.9</y11>
		</polygon>
	</object>
</annotation>
