<annotation>
	<folder></folder>
	<filename>0LLg1o_4_png_jpg.rf.cc5427b9db76ce4ee88352d83af3a7f2.jpg</filename>
	<path>0LLg1o_4_png_jpg.rf.cc5427b9db76ce4ee88352d83af3a7f2.jpg</path>
	<source>
		<database>roboflow.com</database>
	</source>
	<size>
		<width>256</width>
		<height>256</height>
		<depth>3</depth>
	</size>
	<segmented>0</segmented>
	<object>
		<name>document</name>
		<pose>Unspecified</pose>
		<truncated>0</truncated>
		<difficult>0</difficult>
		<occluded>0</occluded>
		<bndbox>
			<xmin>19</xmin>
			<xmax>235</xmax>
			<ymin>23</ymin>
			<ymax>236</ymax>
		</bndbox>
		<polygon>
			<x1>19.6</x1>
			<y1>181.85</y1>
			<x2>38.6</x2>
			<y2>203.35</y2>
			<x3>53.35</x3>
			<y3>213.6</y3>
			<x4>187.35</x4>
			<y4>234.6</y4>
			<x5>233.6</x5>
			<y5>25.35</y5>
			<x6>155.35</x6>
			<y6>21.6</y6>
			<x7>66.85</x7>
			<y7>22.1</y7>
			<x8>61.6</x8>
			<y8>29.35</y8>
			<x9>39.1</x9>
			<y9>82.85</y9>
			<x10>17.6</x10>
			<y10>174.35</y10>
			<x11>19.6</x11>
			<y11>181.85</y11>
		</polygon>
	</object>
</annotation>
