<annotation>
	<folder></folder>
	<filename>0LLg1o_4_png_jpg.rf.cb7748265fbf04a751c78bc842b11ce8.jpg</filename>
	<path>0LLg1o_4_png_jpg.rf.cb7748265fbf04a751c78bc842b11ce8.jpg</path>
	<source>
		<database>roboflow.com</database>
	</source>
	<size>
		<width>256</width>
		<height>256</height>
		<depth>3</depth>
	</size>
	<segmented>0</segmented>
	<object>
		<name>document</name>
		<pose>Unspecified</pose>
		<truncated>0</truncated>
		<difficult>0</difficult>
		<occluded>0</occluded>
		<bndbox>
			<xmin>17</xmin>
			<xmax>241</xmax>
			<ymin>14</ymin>
			<ymax>245</ymax>
		</bndbox>
		<polygon>
			<x1>239.711784</x1>
			<y1>78.25455</y1>
			<x2>233.050275</x2>
			<y2>72.275479</y2>
			<x3>182.195244</x3>
			<y3>44.306464</y3>
			<x4>93.443852</x4>
			<y4>13.359888</y4>
			<x5>85.775881</x5>
			<y5>14.564969</y5>
			<x6>62.40762</x6>
			<y6>31.213523</y6>
			<x7>50.671976</x7>
			<y7>44.811304</y7>
			<x8>15.780202</x8>
			<y8>175.88214</y8>
			<x9>219.049467</x9>
			<y9>243.751359</y9>
			<x10>230.958276</x10>
			<y10>166.322002</y10>
			<x11>239.711784</x11>
			<y11>78.25455</y11>
		</polygon>
	</object>
</annotation>
