<annotation>
	<folder></folder>
	<filename>0LLg1o_4_png_jpg.rf.1f8ddf4f4c6df9e846308ff60f8ccb58.jpg</filename>
	<path>0LLg1o_4_png_jpg.rf.1f8ddf4f4c6df9e846308ff60f8ccb58.jpg</path>
	<source>
		<database>roboflow.com</database>
	</source>
	<size>
		<width>256</width>
		<height>256</height>
		<depth>3</depth>
	</size>
	<segmented>0</segmented>
	<object>
		<name>document</name>
		<pose>Unspecified</pose>
		<truncated>0</truncated>
		<difficult>0</difficult>
		<occluded>0</occluded>
		<bndbox>
			<xmin>16</xmin>
			<xmax>242</xmax>
			<ymin>14</ymin>
			<ymax>246</ymax>
		</bndbox>
		<polygon>
			<x1>240.562948</x1>
			<y1>80.211766</y1>
			<x2>234.006802</x2>
			<y2>74.117346</y2>
			<x3>183.647643</x3>
			<y3>45.265048</y3>
			<x4>95.449861</x4>
			<y4>12.774261</y4>
			<x5>87.762027</x5>
			<y5>13.845333</y5>
			<x6>64.106767</x6>
			<y6>30.083519</y6>
			<x7>52.135596</x7>
			<y7>43.474414</y7>
			<x8>14.961635</x8>
			<y8>173.916342</y8>
			<x9>217.01546</x9>
			<y9>245.322762</y9>
			<x10>230.273784</x10>
			<y10>168.113035</y10>
			<x11>240.562948</x11>
			<y11>80.211766</y11>
		</polygon>
	</object>
</annotation>
