<annotation>
	<folder></folder>
	<filename>0LLg1o_4_png_jpg.rf.51f48d319026c999e47e33111f273dbf.jpg</filename>
	<path>0LLg1o_4_png_jpg.rf.51f48d319026c999e47e33111f273dbf.jpg</path>
	<source>
		<database>roboflow.com</database>
	</source>
	<size>
		<width>256</width>
		<height>256</height>
		<depth>3</depth>
	</size>
	<segmented>0</segmented>
	<object>
		<name>document</name>
		<pose>Unspecified</pose>
		<truncated>0</truncated>
		<difficult>0</difficult>
		<occluded>0</occluded>
		<bndbox>
			<xmin>28</xmin>
			<xmax>215</xmax>
			<ymin>10</ymin>
			<ymax>226</ymax>
		</bndbox>
		<polygon>
			<x1>49.389664</x1>
			<y1>34.327445</y1>
			<x2>45.478372</x2>
			<y2>42.378954</y2>
			<x3>32.610376</x3>
			<y3>98.973253</y3>
			<x4>27.325817</x4>
			<y4>192.816598</y4>
			<x5>30.597794</x5>
			<y5>199.85536</y5>
			<x6>53.042577</x6>
			<y6>217.729411</y6>
			<x7>69.348385</x7>
			<y7>225.26238</y7>
			<x8>204.959236</x8>
			<y8>222.674487</y8>
			<x9>214.170713</x9>
			<y9>8.572237</y9>
			<x10>136.458326</x10>
			<y10>18.467177</y10>
			<x11>49.389664</x11>
			<y11>34.327445</y11>
		</polygon>
	</object>
</annotation>
