<annotation>
	<folder></folder>
	<filename>0oL4Wx_4_png_jpg.rf.a409d6288823c4fff24706fdfb43f387.jpg</filename>
	<path>0oL4Wx_4_png_jpg.rf.a409d6288823c4fff24706fdfb43f387.jpg</path>
	<source>
		<database>roboflow.com</database>
	</source>
	<size>
		<width>256</width>
		<height>256</height>
		<depth>3</depth>
	</size>
	<segmented>0</segmented>
	<object>
		<name>document</name>
		<pose>Unspecified</pose>
		<truncated>0</truncated>
		<difficult>0</difficult>
		<occluded>0</occluded>
		<bndbox>
			<xmin>12</xmin>
			<xmax>243</xmax>
			<ymin>3</ymin>
			<ymax>246</ymax>
		</bndbox>
		<polygon>
			<x1>182.944184</x1>
			<y1>55.756528</y1>
			<x2>53.019989</x2>
			<y2>2.232435</y2>
			<x3>10.984579</x3>
			<y3>171.318284</y3>
			<x4>24.339979</x4>
			<y4>193.015249</y4>
			<x5>40.31957</x5>
			<y5>210.3834</y5>
			<x6>175.532385</x6>
			<y6>244.561164</y6>
			<x7>214.42398</x7>
			<y7>165.020646</y7>
			<x8>242.123399</x8>
			<y8>101.132133</y8>
			<x9>195.732919</x9>
			<y9>63.33599</y9>
			<x10>182.944184</x10>
			<y10>55.756528</y10>
		</polygon>
	</object>
</annotation>
