<annotation>
	<folder></folder>
	<filename>0oL4Wx_4_png_jpg.rf.7c5a1536feff59f2afa921e1e6a973f0.jpg</filename>
	<path>0oL4Wx_4_png_jpg.rf.7c5a1536feff59f2afa921e1e6a973f0.jpg</path>
	<source>
		<database>roboflow.com</database>
	</source>
	<size>
		<width>256</width>
		<height>256</height>
		<depth>3</depth>
	</size>
	<segmented>0</segmented>
	<object>
		<name>document</name>
		<pose>Unspecified</pose>
		<truncated>0</truncated>
		<difficult>0</difficult>
		<occluded>0</occluded>
		<bndbox>
			<xmin>20</xmin>
			<xmax>238</xmax>
			<ymin>17</ymin>
			<ymax>237</ymax>
		</bndbox>
		<polygon>
			<x1>170.966361</x1>
			<y1>48.050801</y1>
			<x2>34.268735</x2>
			<y2>15.5103</y2>
			<x3>19.201705</x3>
			<y3>189.090209</y3>
			<x4>35.786832</x4>
			<y4>208.430803</y4>
			<x5>54.286664</x5>
			<y5>223.085365</y5>
			<x6>193.181366</x6>
			<y6>235.690399</y6>
			<x7>219.151262</x7>
			<y7>151.045172</y7>
			<x8>236.51529</x8>
			<y8>83.610088</y8>
			<x9>184.783335</x9>
			<y9>53.536349</y9>
			<x10>170.966361</x10>
			<y10>48.050801</y10>
		</polygon>
	</object>
</annotation>
