<annotation>
	<folder></folder>
	<filename>0oL4Wx_4_png_jpg.rf.6a7df69b68edb4ff92d597e8632398b1.jpg</filename>
	<path>0oL4Wx_4_png_jpg.rf.6a7df69b68edb4ff92d597e8632398b1.jpg</path>
	<source>
		<database>roboflow.com</database>
	</source>
	<size>
		<width>256</width>
		<height>256</height>
		<depth>3</depth>
	</size>
	<segmented>0</segmented>
	<object>
		<name>document</name>
		<pose>Unspecified</pose>
		<truncated>0</truncated>
		<difficult>0</difficult>
		<occluded>0</occluded>
		<bndbox>
			<xmin>16</xmin>
			<xmax>227</xmax>
			<ymin>36</ymin>
			<ymax>236</ymax>
		</bndbox>
		<polygon>
			<x1>154.921921</x1>
			<y1>41.321325</y1>
			<x2>14.526796</x2>
			<y2>35.461821</y2>
			<x3>32.857198</x3>
			<y3>208.727503</y3>
			<x4>52.827968</x4>
			<y4>224.548165</y4>
			<x5>73.784129</x5>
			<y5>235.403547</y5>
			<x6>212.532098</x6>
			<y6>221.274632</y6>
			<x7>221.873783</x7>
			<y7>133.229286</y7>
			<x8>226.051564</x8>
			<y8>63.719962</y8>
			<x9>169.531731</x9>
			<y9>44.069684</y9>
			<x10>154.921921</x10>
			<y10>41.321325</y10>
		</polygon>
	</object>
</annotation>
