<annotation>
	<folder></folder>
	<filename>0oL4Wx_4_png_jpg.rf.3436e273771bc85963e8e31bac49d6cc.jpg</filename>
	<path>0oL4Wx_4_png_jpg.rf.3436e273771bc85963e8e31bac49d6cc.jpg</path>
	<source>
		<database>roboflow.com</database>
	</source>
	<size>
		<width>256</width>
		<height>256</height>
		<depth>3</depth>
	</size>
	<segmented>0</segmented>
	<object>
		<name>document</name>
		<pose>Unspecified</pose>
		<truncated>0</truncated>
		<difficult>0</difficult>
		<occluded>0</occluded>
		<bndbox>
			<xmin>21</xmin>
			<xmax>220</xmax>
			<ymin>14</ymin>
			<ymax>226</ymax>
		</bndbox>
		<polygon>
			<x1>215.135325</x1>
			<y1>153.40507</y1>
			<x2>218.543704</x2>
			<y2>12.929065</y2>
			<x3>45.624321</x3>
			<y3>34.280578</y3>
			<x4>30.154607</x4>
			<y4>54.524415</y4>
			<x5>19.666614</x5>
			<y5>75.666837</y5>
			<x6>36.214863</x6>
			<y6>214.14709</y6>
			<x7>124.409834</x7>
			<y7>221.950749</y7>
			<x8>193.981484</x8>
			<y8>224.914789</y8>
			<x9>212.642361</x9>
			<y9>168.060619</y9>
			<x10>215.135325</x10>
			<y10>153.40507</y10>
		</polygon>
	</object>
</annotation>
