<annotation>
	<folder></folder>
	<filename>0oL4Wx_4_png_jpg.rf.d7b7eb9d9818476096c0750783b240e8.jpg</filename>
	<path>0oL4Wx_4_png_jpg.rf.d7b7eb9d9818476096c0750783b240e8.jpg</path>
	<source>
		<database>roboflow.com</database>
	</source>
	<size>
		<width>256</width>
		<height>256</height>
		<depth>3</depth>
	</size>
	<segmented>0</segmented>
	<object>
		<name>document</name>
		<pose>Unspecified</pose>
		<truncated>0</truncated>
		<difficult>0</difficult>
		<occluded>0</occluded>
		<bndbox>
			<xmin>20</xmin>
			<xmax>234</xmax>
			<ymin>22</ymin>
			<ymax>236</ymax>
		</bndbox>
		<polygon>
			<x1>211.6</x1>
			<y1>217.35</y1>
			<x2>225.6</x2>
			<y2>198.35</y2>
			<x3>233.35</x3>
			<y3>59.1</y3>
			<x4>147.85</x4>
			<y4>36.1</y4>
			<x5>79.85</x5>
			<y5>21.1</y5>
			<x6>51.6</x6>
			<y6>73.85</y6>
			<x7>46.6</x7>
			<y7>87.85</y7>
			<x8>18.85</x8>
			<y8>225.6</y8>
			<x9>192.85</x9>
			<y9>234.6</y9>
			<x10>211.6</x10>
			<y10>217.35</y10>
		</polygon>
	</object>
</annotation>
