<annotation>
	<folder></folder>
	<filename>0otaOu_4_png_jpg.rf.c0080877950d7ba83180b912c24129db.jpg</filename>
	<path>0otaOu_4_png_jpg.rf.c0080877950d7ba83180b912c24129db.jpg</path>
	<source>
		<database>roboflow.com</database>
	</source>
	<size>
		<width>256</width>
		<height>256</height>
		<depth>3</depth>
	</size>
	<segmented>0</segmented>
	<object>
		<name>document</name>
		<pose>Unspecified</pose>
		<truncated>0</truncated>
		<difficult>0</difficult>
		<occluded>0</occluded>
		<bndbox>
			<xmin>13</xmin>
			<xmax>222</xmax>
			<ymin>35</ymin>
			<ymax>239</ymax>
		</bndbox>
		<polygon>
			<x1>39.919424</x1>
			<y1>34.238096</y1>
			<x2>12.484707</x2>
			<y2>211.405633</y2>
			<x3>212.996639</x3>
			<y3>238.435066</y3>
			<x4>220.729316</x4>
			<y4>141.934</y4>
			<x5>219.259495</x5>
			<y5>76.702952</y5>
			<x6>202.305978</x6>
			<y6>35.017184</y6>
			<x7>39.919424</x7>
			<y7>34.238096</y7>
		</polygon>
	</object>
</annotation>
