<annotation>
	<folder></folder>
	<filename>0otaOu_4_png_jpg.rf.09296ed2df46a3dd25f71d3a61e98718.jpg</filename>
	<path>0otaOu_4_png_jpg.rf.09296ed2df46a3dd25f71d3a61e98718.jpg</path>
	<source>
		<database>roboflow.com</database>
	</source>
	<size>
		<width>256</width>
		<height>256</height>
		<depth>3</depth>
	</size>
	<segmented>0</segmented>
	<object>
		<name>document</name>
		<pose>Unspecified</pose>
		<truncated>0</truncated>
		<difficult>0</difficult>
		<occluded>0</occluded>
		<bndbox>
			<xmin>21</xmin>
			<xmax>236</xmax>
			<ymin>22</ymin>
			<ymax>236</ymax>
		</bndbox>
		<polygon>
			<x1>234.914916</x1>
			<y1>199.544974</y1>
			<x2>221.792458</x2>
			<y2>20.746761</y2>
			<x3>20.339335</x3>
			<y3>39.515461</y3>
			<x4>34.512862</x4>
			<y4>135.282685</y4>
			<x5>50.618805</x5>
			<y5>198.511227</y5>
			<x6>76.515062</x6>
			<y6>235.314881</y6>
			<x7>234.914916</x7>
			<y7>199.544974</y7>
		</polygon>
	</object>
</annotation>
