<annotation>
	<folder></folder>
	<filename>0otaOu_4_png_jpg.rf.d20126793b4f9ebf300c5cc81e6d2cf1.jpg</filename>
	<path>0otaOu_4_png_jpg.rf.d20126793b4f9ebf300c5cc81e6d2cf1.jpg</path>
	<source>
		<database>roboflow.com</database>
	</source>
	<size>
		<width>256</width>
		<height>256</height>
		<depth>3</depth>
	</size>
	<segmented>0</segmented>
	<object>
		<name>document</name>
		<pose>Unspecified</pose>
		<truncated>0</truncated>
		<difficult>0</difficult>
		<occluded>0</occluded>
		<bndbox>
			<xmin>23</xmin>
			<xmax>235</xmax>
			<ymin>23</ymin>
			<ymax>235</ymax>
		</bndbox>
		<polygon>
			<x1>22.35</x1>
			<y1>54.6</y1>
			<x2>32.35</x2>
			<y2>233.6</y2>
			<x3>234.1</x3>
			<y3>218.35</y3>
			<x4>221.6</x4>
			<y4>122.35</y4>
			<x5>206.6</x5>
			<y5>58.85</y5>
			<x6>181.35</x6>
			<y6>21.6</y6>
			<x7>22.35</x7>
			<y7>54.6</y7>
		</polygon>
	</object>
</annotation>
