<annotation>
	<folder></folder>
	<filename>0otaOu_4_png_jpg.rf.efea12811c4a8bdab66d86ddd2ca9059.jpg</filename>
	<path>0otaOu_4_png_jpg.rf.efea12811c4a8bdab66d86ddd2ca9059.jpg</path>
	<source>
		<database>roboflow.com</database>
	</source>
	<size>
		<width>256</width>
		<height>256</height>
		<depth>3</depth>
	</size>
	<segmented>0</segmented>
	<object>
		<name>document</name>
		<pose>Unspecified</pose>
		<truncated>0</truncated>
		<difficult>0</difficult>
		<occluded>0</occluded>
		<bndbox>
			<xmin>16</xmin>
			<xmax>247</xmax>
			<ymin>11</ymin>
			<ymax>244</ymax>
		</bndbox>
		<polygon>
			<x1>70.017962</x1>
			<y1>242.837127</y1>
			<x2>245.884215</x2>
			<y2>208.022461</y2>
			<x3>202.704454</x3>
			<y3>10.358268</y3>
			<x4>109.378383</x4>
			<y4>36.097237</y4>
			<x5>48.583957</x5>
			<y5>59.78875</y5>
			<x6>15.210593</x6>
			<y6>89.977216</y6>
			<x7>70.017962</x7>
			<y7>242.837127</y7>
		</polygon>
	</object>
</annotation>
