<annotation>
	<folder></folder>
	<filename>0otaOu_4_png_jpg.rf.35cd447c5d5a6b457c2e559099117060.jpg</filename>
	<path>0otaOu_4_png_jpg.rf.35cd447c5d5a6b457c2e559099117060.jpg</path>
	<source>
		<database>roboflow.com</database>
	</source>
	<size>
		<width>256</width>
		<height>256</height>
		<depth>3</depth>
	</size>
	<segmented>0</segmented>
	<object>
		<name>document</name>
		<pose>Unspecified</pose>
		<truncated>0</truncated>
		<difficult>0</difficult>
		<occluded>0</occluded>
		<bndbox>
			<xmin>28</xmin>
			<xmax>231</xmax>
			<ymin>29</ymin>
			<ymax>232</ymax>
		</bndbox>
		<polygon>
			<x1>229.663751</x1>
			<y1>206.828702</y1>
			<x2>229.045592</x2>
			<y2>27.550655</y2>
			<x3>26.77396</x3>
			<y3>32.220977</y3>
			<x4>34.232577</x4>
			<y4>128.743611</y4>
			<x5>45.888687</x5>
			<y5>192.941626</y5>
			<x6>69.154569</x6>
			<y6>231.462059</y6>
			<x7>229.663751</x7>
			<y7>206.828702</y7>
		</polygon>
	</object>
</annotation>
