<annotation>
	<folder></folder>
	<filename>0P4dXG_2_png_jpg.rf.9d88d5443891f3c3b5a3c2d0d5941ffe.jpg</filename>
	<path>0P4dXG_2_png_jpg.rf.9d88d5443891f3c3b5a3c2d0d5941ffe.jpg</path>
	<source>
		<database>roboflow.com</database>
	</source>
	<size>
		<width>256</width>
		<height>256</height>
		<depth>3</depth>
	</size>
	<segmented>0</segmented>
	<object>
		<name>document</name>
		<pose>Unspecified</pose>
		<truncated>0</truncated>
		<difficult>0</difficult>
		<occluded>0</occluded>
		<bndbox>
			<xmin>20</xmin>
			<xmax>241</xmax>
			<ymin>23</ymin>
			<ymax>234</ymax>
		</bndbox>
		<polygon>
			<x1>237.35</x1>
			<y1>21.6</y1>
			<x2>185.85</x2>
			<y2>22.6</y2>
			<x3>44.35</x3>
			<y3>32.1</y3>
			<x4>26.1</x4>
			<y4>63.85</y4>
			<x5>19.1</x5>
			<y5>81.35</y5>
			<x6>18.6</x6>
			<y6>96.35</y6>
			<x7>31.35</x7>
			<y7>222.6</y7>
			<x8>240.1</x8>
			<y8>233.35</y8>
			<x9>237.35</x9>
			<y9>21.6</y9>
		</polygon>
	</object>
</annotation>
