<annotation>
	<folder></folder>
	<filename>0P4dXG_2_png_jpg.rf.d8a1ac3439f10b900da308d19e748fbe.jpg</filename>
	<path>0P4dXG_2_png_jpg.rf.d8a1ac3439f10b900da308d19e748fbe.jpg</path>
	<source>
		<database>roboflow.com</database>
	</source>
	<size>
		<width>256</width>
		<height>256</height>
		<depth>3</depth>
	</size>
	<segmented>0</segmented>
	<object>
		<name>document</name>
		<pose>Unspecified</pose>
		<truncated>0</truncated>
		<difficult>0</difficult>
		<occluded>0</occluded>
		<bndbox>
			<xmin>13</xmin>
			<xmax>257</xmax>
			<ymin>4</ymin>
			<ymax>240</ymax>
		</bndbox>
		<polygon>
			<x1>256</x1>
			<y1>199.720665</y1>
			<x2>215.038855</x2>
			<y2>2.689904</y2>
			<x3>164.675864</x3>
			<y3>13.498194</y3>
			<x4>27.588303</x4>
			<y4>49.823126</y4>
			<x5>15.731793</x5>
			<y5>84.472053</y5>
			<x6>12.19956</x6>
			<y6>102.986191</y6>
			<x7>14.570881</x7>
			<y7>117.806004</y7>
			<x8>51.176264</x8>
			<y8>239.303621</y8>
			<x9>256</x9>
			<y9>210.327777</y9>
			<x10>256</x10>
			<y10>199.720665</y10>
		</polygon>
	</object>
</annotation>
