<annotation>
	<folder></folder>
	<filename>0P4dXG_2_png_jpg.rf.181ab4370b4ac17efb1d862f7d1648a4.jpg</filename>
	<path>0P4dXG_2_png_jpg.rf.181ab4370b4ac17efb1d862f7d1648a4.jpg</path>
	<source>
		<database>roboflow.com</database>
	</source>
	<size>
		<width>256</width>
		<height>256</height>
		<depth>3</depth>
	</size>
	<segmented>0</segmented>
	<object>
		<name>document</name>
		<pose>Unspecified</pose>
		<truncated>0</truncated>
		<difficult>0</difficult>
		<occluded>0</occluded>
		<bndbox>
			<xmin>15</xmin>
			<xmax>257</xmax>
			<ymin>12</ymin>
			<ymax>257</ymax>
		</bndbox>
		<polygon>
			<x1>256</x1>
			<y1>209.533182</y1>
			<x2>243.712023</x2>
			<y2>160.657467</y2>
			<x3>202.624934</x3>
			<y3>24.921138</y3>
			<x4>167.583327</x4>
			<y4>14.28108</y4>
			<x5>148.957194</x5>
			<y5>11.397133</y5>
			<x6>134.229167</x6>
			<y6>14.284214</y6>
			<x7>14.083072</x7>
			<y7>55.107503</y7>
			<x8>49.694019</x8>
			<y8>256</y8>
			<x9>70.704938</x9>
			<y9>256</y9>
			<x10>256</x10>
			<y10>210.678949</y10>
			<x11>256</x11>
			<y11>209.533182</y11>
		</polygon>
	</object>
</annotation>
