<annotation>
	<folder></folder>
	<filename>0P4dXG_2_png_jpg.rf.3fad21fdb4c5119f1d524bb364cea2a8.jpg</filename>
	<path>0P4dXG_2_png_jpg.rf.3fad21fdb4c5119f1d524bb364cea2a8.jpg</path>
	<source>
		<database>roboflow.com</database>
	</source>
	<size>
		<width>256</width>
		<height>256</height>
		<depth>3</depth>
	</size>
	<segmented>0</segmented>
	<object>
		<name>document</name>
		<pose>Unspecified</pose>
		<truncated>0</truncated>
		<difficult>0</difficult>
		<occluded>0</occluded>
		<bndbox>
			<xmin>4</xmin>
			<xmax>239</xmax>
			<ymin>16</ymin>
			<ymax>257</ymax>
		</bndbox>
		<polygon>
			<x1>53.579758</x1>
			<y1>15.075202</y1>
			<x2>3.195888</x2>
			<y2>217.93868</y2>
			<x3>211.580169</x3>
			<y3>255.64301</y3>
			<x4>220.425205</x4>
			<y4>204.898401</y4>
			<x5>238.099219</x5>
			<y5>64.185469</y5>
			<x6>210.41482</x6>
			<y6>40.212587</y6>
			<x7>194.572008</x7>
			<y7>30.002039</y7>
			<x8>179.943004</x8>
			<y8>26.649091</y8>
			<x9>53.579758</x9>
			<y9>15.075202</y9>
		</polygon>
	</object>
</annotation>
