<annotation>
	<folder></folder>
	<filename>0P4dXG_2_png_jpg.rf.d9998151e5b34ff8f7e2534865df593d.jpg</filename>
	<path>0P4dXG_2_png_jpg.rf.d9998151e5b34ff8f7e2534865df593d.jpg</path>
	<source>
		<database>roboflow.com</database>
	</source>
	<size>
		<width>256</width>
		<height>256</height>
		<depth>3</depth>
	</size>
	<segmented>0</segmented>
	<object>
		<name>document</name>
		<pose>Unspecified</pose>
		<truncated>0</truncated>
		<difficult>0</difficult>
		<occluded>0</occluded>
		<bndbox>
			<xmin>26</xmin>
			<xmax>238</xmax>
			<ymin>16</ymin>
			<ymax>237</ymax>
		</bndbox>
		<polygon>
			<x1>219.169336</x1>
			<y1>227.892616</y1>
			<x2>237.198057</x2>
			<y2>19.64495</y2>
			<x3>25.481076</x3>
			<y3>15.003307</y3>
			<x4>24.683143</x4>
			<y4>66.506834</y4>
			<x5>29.239077</x5>
			<y5>208.252181</y5>
			<x6>60.33282</x6>
			<y6>227.599123</y6>
			<x7>77.577863</x7>
			<y7>235.2056</y7>
			<x8>92.551275</x8>
			<y8>236.228787</y8>
			<x9>219.169336</x9>
			<y9>227.892616</y9>
		</polygon>
	</object>
</annotation>
