<annotation>
	<folder></folder>
	<filename>0UpUdb_4_png_jpg.rf.b1f65dbb316bd0a5ad76a6f6925c106d.jpg</filename>
	<path>0UpUdb_4_png_jpg.rf.b1f65dbb316bd0a5ad76a6f6925c106d.jpg</path>
	<source>
		<database>roboflow.com</database>
	</source>
	<size>
		<width>256</width>
		<height>256</height>
		<depth>3</depth>
	</size>
	<segmented>0</segmented>
	<object>
		<name>document</name>
		<pose>Unspecified</pose>
		<truncated>0</truncated>
		<difficult>0</difficult>
		<occluded>0</occluded>
		<bndbox>
			<xmin>8</xmin>
			<xmax>233</xmax>
			<ymin>23</ymin>
			<ymax>235</ymax>
		</bndbox>
		<polygon>
			<x1>7.35</x1>
			<y1>48.6</y1>
			<x2>77.35</x2>
			<y2>229.6</y2>
			<x3>192.35</x3>
			<y3>233.6</y3>
			<x4>232.1</x4>
			<y4>232.85</y4>
			<x5>212.6</x5>
			<y5>109.85</y5>
			<x6>186.85</x6>
			<y6>21.6</y6>
			<x7>7.35</x7>
			<y7>48.6</y7>
		</polygon>
	</object>
</annotation>
