<annotation>
	<folder></folder>
	<filename>0UpUdb_4_png_jpg.rf.771e5b84b95a0479139117d781b4456b.jpg</filename>
	<path>0UpUdb_4_png_jpg.rf.771e5b84b95a0479139117d781b4456b.jpg</path>
	<source>
		<database>roboflow.com</database>
	</source>
	<size>
		<width>256</width>
		<height>256</height>
		<depth>3</depth>
	</size>
	<segmented>0</segmented>
	<object>
		<name>document</name>
		<pose>Unspecified</pose>
		<truncated>0</truncated>
		<difficult>0</difficult>
		<occluded>0</occluded>
		<bndbox>
			<xmin>43</xmin>
			<xmax>236</xmax>
			<ymin>9</ymin>
			<ymax>226</ymax>
		</bndbox>
		<polygon>
			<x1>234.743702</x1>
			<y1>225.296272</y1>
			<x2>193.920156</x2>
			<y2>35.57427</y2>
			<x3>80.961735</x3>
			<y3>13.633553</y3>
			<x4>41.583797</x4>
			<y4>8.15605</y4>
			<x5>41.602281</x5>
			<y5>132.692188</y5>
			<x6>53.229914</x6>
			<y6>223.883871</y6>
			<x7>234.743702</x7>
			<y7>225.296272</y7>
		</polygon>
	</object>
</annotation>
