<annotation>
	<folder></folder>
	<filename>0UpUdb_4_png_jpg.rf.3d6095519f774f6ff4250c0c8e20a870.jpg</filename>
	<path>0UpUdb_4_png_jpg.rf.3d6095519f774f6ff4250c0c8e20a870.jpg</path>
	<source>
		<database>roboflow.com</database>
	</source>
	<size>
		<width>256</width>
		<height>256</height>
		<depth>3</depth>
	</size>
	<segmented>0</segmented>
	<object>
		<name>document</name>
		<pose>Unspecified</pose>
		<truncated>0</truncated>
		<difficult>0</difficult>
		<occluded>0</occluded>
		<bndbox>
			<xmin>18</xmin>
			<xmax>246</xmax>
			<ymin>1</ymin>
			<ymax>255</ymax>
		</bndbox>
		<polygon>
			<x1>164.098765</x1>
			<y1>0</y1>
			<x2>17.16461</x2>
			<y2>103.433786</y2>
			<x3>41.104445</x3>
			<y3>215.985482</y3>
			<x4>51.448562</x4>
			<y4>254.373296</y4>
			<x5>166.07746</x5>
			<y5>205.696136</y5>
			<x6>245.476569</x6>
			<y6>159.361414</y6>
			<x7>179.2903</x7>
			<y7>0</y7>
			<x8>164.098765</x8>
			<y8>0</y8>
		</polygon>
	</object>
</annotation>
