<annotation>
	<folder></folder>
	<filename>0UpUdb_4_png_jpg.rf.2a63a86716de3ed0368ba2215f68a1d9.jpg</filename>
	<path>0UpUdb_4_png_jpg.rf.2a63a86716de3ed0368ba2215f68a1d9.jpg</path>
	<source>
		<database>roboflow.com</database>
	</source>
	<size>
		<width>256</width>
		<height>256</height>
		<depth>3</depth>
	</size>
	<segmented>0</segmented>
	<object>
		<name>document</name>
		<pose>Unspecified</pose>
		<truncated>0</truncated>
		<difficult>0</difficult>
		<occluded>0</occluded>
		<bndbox>
			<xmin>12</xmin>
			<xmax>239</xmax>
			<ymin>4</ymin>
			<ymax>257</ymax>
		</bndbox>
		<polygon>
			<x1>88.715077</x1>
			<y1>256</y1>
			<x2>238.389769</x2>
			<y2>154.496817</y2>
			<x3>216.417878</x3>
			<y3>41.544455</y3>
			<x4>206.745297</x4>
			<y4>2.981958</y4>
			<x5>91.284324</x5>
			<y5>49.651154</y5>
			<x6>11.088656</x6>
			<y6>94.593114</y6>
			<x7>74.844888</x7>
			<y7>256</y7>
			<x8>88.715077</x8>
			<y8>256</y8>
		</polygon>
	</object>
</annotation>
