<annotation>
	<folder></folder>
	<filename>0UpUdb_4_png_jpg.rf.694548307867e24e2232946dad664665.jpg</filename>
	<path>0UpUdb_4_png_jpg.rf.694548307867e24e2232946dad664665.jpg</path>
	<source>
		<database>roboflow.com</database>
	</source>
	<size>
		<width>256</width>
		<height>256</height>
		<depth>3</depth>
	</size>
	<segmented>0</segmented>
	<object>
		<name>document</name>
		<pose>Unspecified</pose>
		<truncated>0</truncated>
		<difficult>0</difficult>
		<occluded>0</occluded>
		<bndbox>
			<xmin>29</xmin>
			<xmax>216</xmax>
			<ymin>24</ymin>
			<ymax>255</ymax>
		</bndbox>
		<polygon>
			<x1>28.303365</x1>
			<y1>23.494672</y1>
			<x2>55.793129</x2>
			<y2>215.602228</y2>
			<x3>166.945882</x3>
			<y3>245.369079</y3>
			<x4>205.845806</x4>
			<y4>253.580106</y4>
			<x5>214.514569</x5>
			<y5>129.346043</y5>
			<x6>209.27647</x6>
			<y6>37.565395</y6>
			<x7>28.303365</x7>
			<y7>23.494672</y7>
		</polygon>
	</object>
</annotation>
