<annotation>
	<folder></folder>
	<filename>0UuAAI_4_png_jpg.rf.b170369178aec08c27601472151edca0.jpg</filename>
	<path>0UuAAI_4_png_jpg.rf.b170369178aec08c27601472151edca0.jpg</path>
	<source>
		<database>roboflow.com</database>
	</source>
	<size>
		<width>256</width>
		<height>256</height>
		<depth>3</depth>
	</size>
	<segmented>0</segmented>
	<object>
		<name>document</name>
		<pose>Unspecified</pose>
		<truncated>0</truncated>
		<difficult>0</difficult>
		<occluded>0</occluded>
		<bndbox>
			<xmin>37</xmin>
			<xmax>224</xmax>
			<ymin>18</ymin>
			<ymax>232</ymax>
		</bndbox>
		<polygon>
			<x1>222.929913</x1>
			<y1>69.580448</y1>
			<x2>218.381827</x2>
			<y2>16.893259</y2>
			<x3>43.062551</x3>
			<y3>35.042686</y3>
			<x4>36.423904</x4>
			<y4>231.246797</y4>
			<x5>104.449398</x5>
			<y5>230.850385</y5>
			<x6>205.119986</x6>
			<y6>224.017916</y6>
			<x7>222.929913</x7>
			<y7>69.580448</y7>
		</polygon>
	</object>
</annotation>
