<annotation>
	<folder></folder>
	<filename>0UuAAI_4_png_jpg.rf.dafb766e2db27bbe19aee2af4c755269.jpg</filename>
	<path>0UuAAI_4_png_jpg.rf.dafb766e2db27bbe19aee2af4c755269.jpg</path>
	<source>
		<database>roboflow.com</database>
	</source>
	<size>
		<width>256</width>
		<height>256</height>
		<depth>3</depth>
	</size>
	<segmented>0</segmented>
	<object>
		<name>document</name>
		<pose>Unspecified</pose>
		<truncated>0</truncated>
		<difficult>0</difficult>
		<occluded>0</occluded>
		<bndbox>
			<xmin>22</xmin>
			<xmax>236</xmax>
			<ymin>22</ymin>
			<ymax>234</ymax>
		</bndbox>
		<polygon>
			<x1>25.1</x1>
			<y1>170.85</y1>
			<x2>21.35</x2>
			<y2>223.6</y2>
			<x3>197.35</x3>
			<y3>233.1</y3>
			<x4>234.6</x4>
			<y4>40.35</y4>
			<x5>167.35</x5>
			<y5>30.1</y5>
			<x6>66.85</x6>
			<y6>21.1</y6>
			<x7>25.1</x7>
			<y7>170.85</y7>
		</polygon>
	</object>
</annotation>
