<annotation>
	<folder></folder>
	<filename>0UuAAI_4_png_jpg.rf.c125e4d100dc4b4da3ebed5aa338f15c.jpg</filename>
	<path>0UuAAI_4_png_jpg.rf.c125e4d100dc4b4da3ebed5aa338f15c.jpg</path>
	<source>
		<database>roboflow.com</database>
	</source>
	<size>
		<width>256</width>
		<height>256</height>
		<depth>3</depth>
	</size>
	<segmented>0</segmented>
	<object>
		<name>document</name>
		<pose>Unspecified</pose>
		<truncated>0</truncated>
		<difficult>0</difficult>
		<occluded>0</occluded>
		<bndbox>
			<xmin>21</xmin>
			<xmax>231</xmax>
			<ymin>32</ymin>
			<ymax>224</ymax>
		</bndbox>
		<polygon>
			<x1>72.929042</x1>
			<y1>31.089102</y1>
			<x2>20.115222</x2>
			<y2>33.795662</y2>
			<x3>32.135038</x3>
			<y3>209.641544</y3>
			<x4>227.987942</x4>
			<y4>223.123572</y4>
			<x5>229.965827</x5>
			<y5>155.125682</y5>
			<x6>226.650873</x6>
			<y6>54.27797</y6>
			<x7>72.929042</x7>
			<y7>31.089102</y7>
		</polygon>
	</object>
</annotation>
