<annotation>
	<folder></folder>
	<filename>0UuAAI_4_png_jpg.rf.dad9fd263ff9abcba8902911e93da0de.jpg</filename>
	<path>0UuAAI_4_png_jpg.rf.dad9fd263ff9abcba8902911e93da0de.jpg</path>
	<source>
		<database>roboflow.com</database>
	</source>
	<size>
		<width>256</width>
		<height>256</height>
		<depth>3</depth>
	</size>
	<segmented>0</segmented>
	<object>
		<name>document</name>
		<pose>Unspecified</pose>
		<truncated>0</truncated>
		<difficult>0</difficult>
		<occluded>0</occluded>
		<bndbox>
			<xmin>27</xmin>
			<xmax>237</xmax>
			<ymin>34</ymin>
			<ymax>226</ymax>
		</bndbox>
		<polygon>
			<x1>183.070958</x1>
			<y1>224.910898</y1>
			<x2>235.884778</x2>
			<y2>222.204338</y2>
			<x3>223.864962</x3>
			<y3>46.358456</y3>
			<x4>28.012058</x4>
			<y4>32.876428</y4>
			<x5>26.034173</x5>
			<y5>100.874318</y5>
			<x6>29.349127</x6>
			<y6>201.72203</y6>
			<x7>183.070958</x7>
			<y7>224.910898</y7>
		</polygon>
	</object>
</annotation>
