<annotation>
	<folder></folder>
	<filename>0UuAAI_4_png_jpg.rf.2579b0031b1e327d72178df4484943fc.jpg</filename>
	<path>0UuAAI_4_png_jpg.rf.2579b0031b1e327d72178df4484943fc.jpg</path>
	<source>
		<database>roboflow.com</database>
	</source>
	<size>
		<width>256</width>
		<height>256</height>
		<depth>3</depth>
	</size>
	<segmented>0</segmented>
	<object>
		<name>document</name>
		<pose>Unspecified</pose>
		<truncated>0</truncated>
		<difficult>0</difficult>
		<occluded>0</occluded>
		<bndbox>
			<xmin>24</xmin>
			<xmax>234</xmax>
			<ymin>23</ymin>
			<ymax>233</ymax>
		</bndbox>
		<polygon>
			<x1>25.863508</x1>
			<y1>172.639326</y1>
			<x2>23.034693</x2>
			<y2>225.446739</y2>
			<x3>199.173686</x3>
			<y3>231.873668</y3>
			<x4>233.054061</x4>
			<y4>38.502923</y4>
			<x5>165.635416</x5>
			<y5>29.428158</y5>
			<x6>64.993651</x6>
			<y6>22.183496</y6>
			<x7>25.863508</x7>
			<y7>172.639326</y7>
		</polygon>
	</object>
</annotation>
