<annotation>
	<folder></folder>
	<filename>0wEShZ_4_png_jpg.rf.399acd7b5a584091770a439d417795ee.jpg</filename>
	<path>0wEShZ_4_png_jpg.rf.399acd7b5a584091770a439d417795ee.jpg</path>
	<source>
		<database>roboflow.com</database>
	</source>
	<size>
		<width>256</width>
		<height>256</height>
		<depth>3</depth>
	</size>
	<segmented>0</segmented>
	<object>
		<name>document</name>
		<pose>Unspecified</pose>
		<truncated>0</truncated>
		<difficult>0</difficult>
		<occluded>0</occluded>
		<bndbox>
			<xmin>15</xmin>
			<xmax>243</xmax>
			<ymin>23</ymin>
			<ymax>235</ymax>
		</bndbox>
		<polygon>
			<x1>14.9</x1>
			<y1>198.15</y1>
			<x2>24.65</x2>
			<y2>213.4</y2>
			<x3>91.15</x3>
			<y3>234.4</y3>
			<x4>157.65</x4>
			<y4>230.4</y4>
			<x5>205.9</x5>
			<y5>169.65</y5>
			<x6>227.9</x6>
			<y6>134.65</y6>
			<x7>241.4</x7>
			<y7>94.15</y7>
			<x8>241.9</x8>
			<y8>43.65</y8>
			<x9>238.15</x9>
			<y9>41.4</y9>
			<x10>204.65</x10>
			<y10>31.4</y10>
			<x11>73.65</x11>
			<y11>22.4</y11>
			<x12>14.4</x12>
			<y12>194.15</y12>
			<x13>14.9</x13>
			<y13>198.15</y13>
		</polygon>
	</object>
</annotation>
