<annotation>
	<folder></folder>
	<filename>0wEShZ_4_png_jpg.rf.ddafdd1e3befa99a36212eb9ad0fb60b.jpg</filename>
	<path>0wEShZ_4_png_jpg.rf.ddafdd1e3befa99a36212eb9ad0fb60b.jpg</path>
	<source>
		<database>roboflow.com</database>
	</source>
	<size>
		<width>256</width>
		<height>256</height>
		<depth>3</depth>
	</size>
	<segmented>0</segmented>
	<object>
		<name>document</name>
		<pose>Unspecified</pose>
		<truncated>0</truncated>
		<difficult>0</difficult>
		<occluded>0</occluded>
		<bndbox>
			<xmin>35</xmin>
			<xmax>231</xmax>
			<ymin>17</ymin>
			<ymax>241</ymax>
		</bndbox>
		<polygon>
			<x1>35.230374</x1>
			<y1>223.427612</y1>
			<x2>48.380067</x2>
			<y2>235.865883</y2>
			<x3>117.985092</x3>
			<y3>240.154287</y3>
			<x4>181.54207</x4>
			<y4>220.185298</y4>
			<x5>213.662084</x5>
			<y5>149.567101</y5>
			<x6>226.541324</x6>
			<y6>110.284469</y6>
			<x7>229.842479</x7>
			<y7>67.721547</y7>
			<x8>218.110571</x8>
			<y8>18.600652</y8>
			<x9>213.927638</x9>
			<y9>17.324693</y9>
			<x10>179.003512</x10>
			<y10>15.72612</y10>
			<x11>49.717475</x11>
			<y11>38.685226</y11>
			<x12>33.777539</x12>
			<y12>219.66739</y12>
			<x13>35.230374</x13>
			<y13>223.427612</y13>
		</polygon>
	</object>
</annotation>
