<annotation>
	<folder></folder>
	<filename>0wEShZ_4_png_jpg.rf.fee93826de082c41483bc263bcaec4a6.jpg</filename>
	<path>0wEShZ_4_png_jpg.rf.fee93826de082c41483bc263bcaec4a6.jpg</path>
	<source>
		<database>roboflow.com</database>
	</source>
	<size>
		<width>256</width>
		<height>256</height>
		<depth>3</depth>
	</size>
	<segmented>0</segmented>
	<object>
		<name>document</name>
		<pose>Unspecified</pose>
		<truncated>0</truncated>
		<difficult>0</difficult>
		<occluded>0</occluded>
		<bndbox>
			<xmin>22</xmin>
			<xmax>234</xmax>
			<ymin>17</ymin>
			<ymax>242</ymax>
		</bndbox>
		<polygon>
			<x1>55.886817</x1>
			<y1>16.141512</y1>
			<x2>40.809301</x2>
			<y2>26.156176</y2>
			<x3>20.973084</x3>
			<y3>93.012548</y3>
			<x4>26.13306</x4>
			<y4>159.432611</y4>
			<x5>87.715886</x5>
			<y5>206.615028</y5>
			<x6>123.094508</x6>
			<y6>228.000843</y6>
			<x7>163.823947</x7>
			<y7>240.791965</y7>
			<x8>214.324982</x8>
			<y8>240.410542</y8>
			<x9>216.509193</x9>
			<y9>236.621845</y9>
			<x10>225.923014</x10>
			<y10>202.952423</y10>
			<x11>232.635378</x11>
			<y11>71.815304</y11>
			<x12>59.877482</x12>
			<y12>15.571779</y12>
			<x13>55.886817</x13>
			<y13>16.141512</y13>
		</polygon>
	</object>
</annotation>
