<annotation>
	<folder></folder>
	<filename>0wEShZ_4_png_jpg.rf.50a2934d7140e1747ac67257f34da07a.jpg</filename>
	<path>0wEShZ_4_png_jpg.rf.50a2934d7140e1747ac67257f34da07a.jpg</path>
	<source>
		<database>roboflow.com</database>
	</source>
	<size>
		<width>256</width>
		<height>256</height>
		<depth>3</depth>
	</size>
	<segmented>0</segmented>
	<object>
		<name>document</name>
		<pose>Unspecified</pose>
		<truncated>0</truncated>
		<difficult>0</difficult>
		<occluded>0</occluded>
		<bndbox>
			<xmin>19</xmin>
			<xmax>240</xmax>
			<ymin>26</ymin>
			<ymax>237</ymax>
		</bndbox>
		<polygon>
			<x1>18.726367</x1>
			<y1>203.973059</y1>
			<x2>29.261128</x2>
			<y2>218.691883</y2>
			<x3>96.769047</x3>
			<y3>236.182762</y3>
			<x4>162.968568</x4>
			<y4>228.707903</y4>
			<x5>207.973033</x5>
			<y5>165.515949</y5>
			<x6>228.111125</x6>
			<y6>129.412524</y6>
			<x7>239.473017</x7>
			<y7>88.261493</y7>
			<x8>237.329366</x8>
			<y8>37.804533</y8>
			<x9>233.466749</x9>
			<y9>35.753877</y9>
			<x10>199.4893</x10>
			<y10>27.520836</y10>
			<x11>68.197808</x11>
			<y11>25.38918</y11>
			<x12>18.017708</x12>
			<y12>200.004708</y12>
			<x13>18.726367</x13>
			<y13>203.973059</y13>
		</polygon>
	</object>
</annotation>
