<annotation>
	<folder></folder>
	<filename>0wEShZ_4_png_jpg.rf.9476ba5db0b32ee6fce6d6ca6000aa9a.jpg</filename>
	<path>0wEShZ_4_png_jpg.rf.9476ba5db0b32ee6fce6d6ca6000aa9a.jpg</path>
	<source>
		<database>roboflow.com</database>
	</source>
	<size>
		<width>256</width>
		<height>256</height>
		<depth>3</depth>
	</size>
	<segmented>0</segmented>
	<object>
		<name>document</name>
		<pose>Unspecified</pose>
		<truncated>0</truncated>
		<difficult>0</difficult>
		<occluded>0</occluded>
		<bndbox>
			<xmin>15</xmin>
			<xmax>243</xmax>
			<ymin>23</ymin>
			<ymax>235</ymax>
		</bndbox>
		<polygon>
			<x1>14.6</x1>
			<y1>161.85</y1>
			<x2>14.1</x2>
			<y2>212.35</y2>
			<x3>17.85</x3>
			<y3>214.6</y3>
			<x4>51.35</x4>
			<y4>224.6</y4>
			<x5>182.35</x5>
			<y5>233.6</y5>
			<x6>241.6</x6>
			<y6>61.85</y6>
			<x7>241.1</x7>
			<y7>57.85</y7>
			<x8>231.35</x8>
			<y8>42.6</y8>
			<x9>164.85</x9>
			<y9>21.6</y9>
			<x10>98.35</x10>
			<y10>25.6</y10>
			<x11>50.1</x11>
			<y11>86.35</y11>
			<x12>28.1</x12>
			<y12>121.35</y12>
			<x13>14.6</x13>
			<y13>161.85</y13>
		</polygon>
	</object>
</annotation>
