<annotation>
	<folder></folder>
	<filename>0Z8Ju0_4_png_jpg.rf.de77b85d18b3af8de5022d7b11db4e4b.jpg</filename>
	<path>0Z8Ju0_4_png_jpg.rf.de77b85d18b3af8de5022d7b11db4e4b.jpg</path>
	<source>
		<database>roboflow.com</database>
	</source>
	<size>
		<width>256</width>
		<height>256</height>
		<depth>3</depth>
	</size>
	<segmented>0</segmented>
	<object>
		<name>document</name>
		<pose>Unspecified</pose>
		<truncated>0</truncated>
		<difficult>0</difficult>
		<occluded>0</occluded>
		<bndbox>
			<xmin>5</xmin>
			<xmax>214</xmax>
			<ymin>14</ymin>
			<ymax>255</ymax>
		</bndbox>
		<polygon>
			<x1>70.668363</x1>
			<y1>13.426374</y1>
			<x2>51.46945</x2>
			<y2>60.462549</y2>
			<x3>5.733304</x3>
			<y3>193.868714</y3>
			<x4>3.534878</x4>
			<y4>205.413926</y4>
			<x5>210.159126</x5>
			<y5>254.189384</y5>
			<x6>212.514204</x6>
			<y6>115.65165</y6>
			<x7>208.229249</x7>
			<y7>48.033131</y7>
			<x8>179.466011</x8>
			<y8>34.251761</y8>
			<x9>150.953229</x9>
			<y9>24.10182</y9>
			<x10>105.261454</x10>
			<y10>15.412074</y10>
			<x11>70.668363</x11>
			<y11>13.426374</y11>
		</polygon>
	</object>
</annotation>
