<annotation>
	<folder></folder>
	<filename>0Z8Ju0_4_png_jpg.rf.0fc8528cfa1924dfcf4318144e46cfe8.jpg</filename>
	<path>0Z8Ju0_4_png_jpg.rf.0fc8528cfa1924dfcf4318144e46cfe8.jpg</path>
	<source>
		<database>roboflow.com</database>
	</source>
	<size>
		<width>256</width>
		<height>256</height>
		<depth>3</depth>
	</size>
	<segmented>0</segmented>
	<object>
		<name>document</name>
		<pose>Unspecified</pose>
		<truncated>0</truncated>
		<difficult>0</difficult>
		<occluded>0</occluded>
		<bndbox>
			<xmin>6</xmin>
			<xmax>236</xmax>
			<ymin>29</ymin>
			<ymax>257</ymax>
		</bndbox>
		<polygon>
			<x1>207.609573</x1>
			<y1>27.618984</y1>
			<x2>156.86651</x2>
			<y2>30.097206</y2>
			<x3>16.630533</x3>
			<y3>45.026062</y3>
			<x4>5.237923</x4>
			<y4>47.91283</y4>
			<x5>48.355526</x5>
			<y5>255.791394</y5>
			<x6>174.908652</x6>
			<y6>199.377243</y6>
			<x7>234.380942</x7>
			<y7>166.916933</y7>
			<x8>234.715235</x8>
			<y8>135.024329</y8>
			<x9>231.864183</x9>
			<y9>104.893422</y9>
			<x10>220.429589</x10>
			<y10>59.810165</y10>
			<x11>207.609573</x11>
			<y11>27.618984</y11>
		</polygon>
	</object>
</annotation>
