<annotation>
	<folder></folder>
	<filename>0Z8Ju0_4_png_jpg.rf.0a05fa67f7ba568fa664bd4323bce2f2.jpg</filename>
	<path>0Z8Ju0_4_png_jpg.rf.0a05fa67f7ba568fa664bd4323bce2f2.jpg</path>
	<source>
		<database>roboflow.com</database>
	</source>
	<size>
		<width>256</width>
		<height>256</height>
		<depth>3</depth>
	</size>
	<segmented>0</segmented>
	<object>
		<name>document</name>
		<pose>Unspecified</pose>
		<truncated>0</truncated>
		<difficult>0</difficult>
		<occluded>0</occluded>
		<bndbox>
			<xmin>17</xmin>
			<xmax>228</xmax>
			<ymin>21</ymin>
			<ymax>243</ymax>
		</bndbox>
		<polygon>
			<x1>55.280743</x1>
			<y1>22.520418</y1>
			<x2>42.814843</x2>
			<y2>71.770812</y2>
			<x3>16.090348</x3>
			<y3>210.243919</y3>
			<x4>15.5201</x4>
			<y4>221.982736</y4>
			<x5>226.921727</x5>
			<y5>241.526977</y5>
			<x6>209.97316</x6>
			<y6>104.009719</y6>
			<x7>196.319226</x7>
			<y7>37.64561</y7>
			<x8>165.917914</x8>
			<y8>28.001428</y8>
			<x9>136.270018</x9>
			<y9>21.918478</y9>
			<x10>89.813533</x10>
			<y10>19.672366</y10>
			<x11>55.280743</x11>
			<y11>22.520418</y11>
		</polygon>
	</object>
</annotation>
