<annotation>
	<folder></folder>
	<filename>0Z8Ju0_4_png_jpg.rf.747ec6a71f06ac5769d6ddf7896ca248.jpg</filename>
	<path>0Z8Ju0_4_png_jpg.rf.747ec6a71f06ac5769d6ddf7896ca248.jpg</path>
	<source>
		<database>roboflow.com</database>
	</source>
	<size>
		<width>256</width>
		<height>256</height>
		<depth>3</depth>
	</size>
	<segmented>0</segmented>
	<object>
		<name>document</name>
		<pose>Unspecified</pose>
		<truncated>0</truncated>
		<difficult>0</difficult>
		<occluded>0</occluded>
		<bndbox>
			<xmin>23</xmin>
			<xmax>236</xmax>
			<ymin>23</ymin>
			<ymax>235</ymax>
		</bndbox>
		<polygon>
			<x1>234.6</x1>
			<y1>234.35</y1>
			<x2>208.1</x2>
			<y2>98.35</y2>
			<x3>189.85</x3>
			<y3>33.1</y3>
			<x4>158.85</x4>
			<y4>25.6</y4>
			<x5>128.85</x5>
			<y5>21.6</y5>
			<x6>82.35</x6>
			<y6>22.6</y6>
			<x7>48.1</x7>
			<y7>27.85</y7>
			<x8>39.1</x8>
			<y8>77.85</y8>
			<x9>22.1</x9>
			<y9>217.85</y9>
			<x10>22.35</x10>
			<y10>229.6</y10>
			<x11>234.6</x11>
			<y11>234.35</y11>
		</polygon>
	</object>
</annotation>
