<annotation>
	<folder></folder>
	<filename>0Z8Ju0_4_png_jpg.rf.2cb5f6f5707e65a2c3dd640e5b888b57.jpg</filename>
	<path>0Z8Ju0_4_png_jpg.rf.2cb5f6f5707e65a2c3dd640e5b888b57.jpg</path>
	<source>
		<database>roboflow.com</database>
	</source>
	<size>
		<width>256</width>
		<height>256</height>
		<depth>3</depth>
	</size>
	<segmented>0</segmented>
	<object>
		<name>document</name>
		<pose>Unspecified</pose>
		<truncated>0</truncated>
		<difficult>0</difficult>
		<occluded>0</occluded>
		<bndbox>
			<xmin>13</xmin>
			<xmax>224</xmax>
			<ymin>19</ymin>
			<ymax>246</ymax>
		</bndbox>
		<polygon>
			<x1>59.006226</x1>
			<y1>20.046808</y1>
			<x2>44.829106</x2>
			<y2>68.832147</y2>
			<x3>13.288249</x3>
			<y3>206.288228</y3>
			<x4>12.30867</x4>
			<y4>217.999992</y4>
			<x5>222.899432</x5>
			<y5>244.910138</y5>
			<x6>210.760473</x6>
			<y6>106.885156</y6>
			<x7>199.43093</x7>
			<y7>40.084958</y7>
			<x8>169.384715</x8>
			<y8>29.385661</y8>
			<x9>139.967172</x9>
			<y9>22.27172</y9>
			<x10>93.617376</x10>
			<y10>18.405668</y10>
			<x11>59.006226</x11>
			<y11>20.046808</y11>
		</polygon>
	</object>
</annotation>
