<annotation>
	<folder></folder>
	<filename>0zGWBW_2_png_jpg.rf.c4222d0170d8b93fdec6c0181e084742.jpg</filename>
	<path>0zGWBW_2_png_jpg.rf.c4222d0170d8b93fdec6c0181e084742.jpg</path>
	<source>
		<database>roboflow.com</database>
	</source>
	<size>
		<width>256</width>
		<height>256</height>
		<depth>3</depth>
	</size>
	<segmented>0</segmented>
	<object>
		<name>document</name>
		<pose>Unspecified</pose>
		<truncated>0</truncated>
		<difficult>0</difficult>
		<occluded>0</occluded>
		<bndbox>
			<xmin>7</xmin>
			<xmax>241</xmax>
			<ymin>22</ymin>
			<ymax>234</ymax>
		</bndbox>
		<polygon>
			<x1>30.1</x1>
			<y1>43.35</y1>
			<x2>23.1</x2>
			<y2>54.85</y2>
			<x3>15.1</x3>
			<y3>99.85</y3>
			<x4>5.85</x4>
			<y4>215.6</y4>
			<x5>233.6</x5>
			<y5>233.35</y5>
			<x6>239.6</x6>
			<y6>135.85</y6>
			<x7>233.6</x7>
			<y7>69.85</y7>
			<x8>223.85</x8>
			<y8>26.1</y8>
			<x9>81.35</x9>
			<y9>21.1</y9>
			<x10>49.85</x10>
			<y10>23.6</y10>
			<x11>30.1</x11>
			<y11>43.35</y11>
		</polygon>
	</object>
</annotation>
