<annotation>
	<folder></folder>
	<filename>0zGWBW_2_png_jpg.rf.c5406a49cfd19fbd7f09a9d8c4834917.jpg</filename>
	<path>0zGWBW_2_png_jpg.rf.c5406a49cfd19fbd7f09a9d8c4834917.jpg</path>
	<source>
		<database>roboflow.com</database>
	</source>
	<size>
		<width>256</width>
		<height>256</height>
		<depth>3</depth>
	</size>
	<segmented>0</segmented>
	<object>
		<name>document</name>
		<pose>Unspecified</pose>
		<truncated>0</truncated>
		<difficult>0</difficult>
		<occluded>0</occluded>
		<bndbox>
			<xmin>7</xmin>
			<xmax>241</xmax>
			<ymin>22</ymin>
			<ymax>234</ymax>
		</bndbox>
		<polygon>
			<x1>233.6</x1>
			<y1>233.35</y1>
			<x2>239.6</x2>
			<y2>135.85</y2>
			<x3>233.6</x3>
			<y3>69.85</y3>
			<x4>223.85</x4>
			<y4>26.1</y4>
			<x5>81.35</x5>
			<y5>21.1</y5>
			<x6>49.85</x6>
			<y6>23.6</y6>
			<x7>30.1</x7>
			<y7>43.35</y7>
			<x8>23.1</x8>
			<y8>54.85</y8>
			<x9>15.1</x9>
			<y9>99.85</y9>
			<x10>5.85</x10>
			<y10>215.6</y10>
			<x11>233.6</x11>
			<y11>233.35</y11>
		</polygon>
	</object>
</annotation>
