<annotation>
	<folder></folder>
	<filename>0zGWBW_2_png_jpg.rf.f8bf00bc66ab55cd8f408a2907ddd46a.jpg</filename>
	<path>0zGWBW_2_png_jpg.rf.f8bf00bc66ab55cd8f408a2907ddd46a.jpg</path>
	<source>
		<database>roboflow.com</database>
	</source>
	<size>
		<width>256</width>
		<height>256</height>
		<depth>3</depth>
	</size>
	<segmented>0</segmented>
	<object>
		<name>document</name>
		<pose>Unspecified</pose>
		<truncated>0</truncated>
		<difficult>0</difficult>
		<occluded>0</occluded>
		<bndbox>
			<xmin>10</xmin>
			<xmax>245</xmax>
			<ymin>25</ymin>
			<ymax>243</ymax>
		</bndbox>
		<polygon>
			<x1>236.728247</x1>
			<y1>198.201145</y1>
			<x2>242.059633</x2>
			<y2>185.838851</y2>
			<x3>243.718988</x3>
			<y3>140.163403</y3>
			<x4>236.769681</x4>
			<y4>24.252523</y4>
			<x5>8.765806</x5>
			<y5>38.371938</y5>
			<x6>16.393575</x6>
			<y6>135.758114</y6>
			<x7>31.520608</x7>
			<y7>200.280768</y7>
			<x8>47.264545</x8>
			<y8>242.248058</y8>
			<x9>189.07361</x9>
			<y9>227.367231</y9>
			<x10>219.919121</x10>
			<y10>220.507609</y10>
			<x11>236.728247</x11>
			<y11>198.201145</y11>
		</polygon>
	</object>
</annotation>
