<annotation>
	<folder></folder>
	<filename>0zGWBW_2_png_jpg.rf.ca9f5f5e6cd9246f617ae8c52dee4dbe.jpg</filename>
	<path>0zGWBW_2_png_jpg.rf.ca9f5f5e6cd9246f617ae8c52dee4dbe.jpg</path>
	<source>
		<database>roboflow.com</database>
	</source>
	<size>
		<width>256</width>
		<height>256</height>
		<depth>3</depth>
	</size>
	<segmented>0</segmented>
	<object>
		<name>document</name>
		<pose>Unspecified</pose>
		<truncated>0</truncated>
		<difficult>0</difficult>
		<occluded>0</occluded>
		<bndbox>
			<xmin>1</xmin>
			<xmax>250</xmax>
			<ymin>1</ymin>
			<ymax>248</ymax>
		</bndbox>
		<polygon>
			<x1>70.527201</x1>
			<y1>0</y1>
			<x2>0</x2>
			<y2>199.645194</y2>
			<x3>0</x3>
			<y3>203.100872</y3>
			<x4>91.533277</x4>
			<y4>233.765593</y4>
			<x5>156.837296</x5>
			<y5>245.052095</y5>
			<x6>201.620036</x6>
			<y6>246.957651</y6>
			<x7>243.331379</x7>
			<y7>110.607316</y7>
			<x8>249.069365</x8>
			<y8>79.533605</y8>
			<x9>235.104006</x9>
			<y9>55.344894</y9>
			<x10>225.807592</x10>
			<y10>45.606994</y10>
			<x11>184.411482</x11>
			<y11>26.23273</y11>
			<x12>110.615105</x12>
			<y12>0</y12>
			<x13>70.527201</x13>
			<y13>0</y13>
		</polygon>
	</object>
</annotation>
