<annotation>
	<folder></folder>
	<filename>0zGWBW_2_png_jpg.rf.719b0a5932ad417051bb85e65a00132a.jpg</filename>
	<path>0zGWBW_2_png_jpg.rf.719b0a5932ad417051bb85e65a00132a.jpg</path>
	<source>
		<database>roboflow.com</database>
	</source>
	<size>
		<width>256</width>
		<height>256</height>
		<depth>3</depth>
	</size>
	<segmented>0</segmented>
	<object>
		<name>document</name>
		<pose>Unspecified</pose>
		<truncated>0</truncated>
		<difficult>0</difficult>
		<occluded>0</occluded>
		<bndbox>
			<xmin>10</xmin>
			<xmax>255</xmax>
			<ymin>13</ymin>
			<ymax>257</ymax>
		</bndbox>
		<polygon>
			<x1>189.249663</x1>
			<y1>256</y1>
			<x2>254.404718</x2>
			<y2>48.805115</y2>
			<x3>160.753343</x3>
			<y3>21.026167</y3>
			<x4>95.095212</x4>
			<y4>12.025617</y4>
			<x5>50.273249</x5>
			<y5>11.684117</y5>
			<x6>13.345873</x6>
			<y6>149.407096</y6>
			<x7>8.69584</x7>
			<y7>180.66213</y7>
			<x8>23.496866</x8>
			<y8>204.348723</y8>
			<x9>33.127464</x9>
			<y9>213.75625</y9>
			<x10>75.174509</x10>
			<y10>231.674008</y10>
			<x11>152.003941</x11>
			<y11>256</y11>
			<x12>189.249663</x12>
			<y12>256</y12>
		</polygon>
	</object>
</annotation>
