<annotation>
	<folder></folder>
	<filename>716552_png.rf.50d77f8bd9b7987f3b3cf46e3b53539e.jpg</filename>
	<path>716552_png.rf.50d77f8bd9b7987f3b3cf46e3b53539e.jpg</path>
	<source>
		<database>roboflow.com</database>
	</source>
	<size>
		<width>195</width>
		<height>256</height>
		<depth>3</depth>
	</size>
	<segmented>0</segmented>
	<object>
		<name>document</name>
		<pose>Unspecified</pose>
		<truncated>0</truncated>
		<difficult>0</difficult>
		<occluded>0</occluded>
		<bndbox>
			<xmin>2</xmin>
			<xmax>187</xmax>
			<ymin>2</ymin>
			<ymax>241</ymax>
		</bndbox>
	</object>
</annotation>
