<annotation>
	<folder></folder>
	<filename>download-21-_jpeg.rf.6b9ad54559f9c6ca55ca853531c69c31.jpg</filename>
	<path>download-21-_jpeg.rf.6b9ad54559f9c6ca55ca853531c69c31.jpg</path>
	<source>
		<database>roboflow.com</database>
	</source>
	<size>
		<width>256</width>
		<height>177</height>
		<depth>3</depth>
	</size>
	<segmented>0</segmented>
	<object>
		<name>KK</name>
		<pose>Unspecified</pose>
		<truncated>0</truncated>
		<difficult>0</difficult>
		<occluded>0</occluded>
		<bndbox>
			<xmin>1</xmin>
			<xmax>257</xmax>
			<ymin>1</ymin>
			<ymax>178</ymax>
		</bndbox>
	</object>
</annotation>
