<annotation>
	<folder></folder>
	<filename>download-30-_jpeg.rf.0ddeaf7c6a3d3bb918230f01e4e1e846.jpg</filename>
	<path>download-30-_jpeg.rf.0ddeaf7c6a3d3bb918230f01e4e1e846.jpg</path>
	<source>
		<database>roboflow.com</database>
	</source>
	<size>
		<width>192</width>
		<height>256</height>
		<depth>3</depth>
	</size>
	<segmented>0</segmented>
	<object>
		<name>KK</name>
		<pose>Unspecified</pose>
		<truncated>0</truncated>
		<difficult>0</difficult>
		<occluded>0</occluded>
		<bndbox>
			<xmin>1</xmin>
			<xmax>193</xmax>
			<ymin>31</ymin>
			<ymax>234</ymax>
		</bndbox>
	</object>
</annotation>
