<annotation>
	<folder></folder>
	<filename>download-30-_jpeg.rf.a9ca39853e882d4b9100f1f61b932907.jpg</filename>
	<path>download-30-_jpeg.rf.a9ca39853e882d4b9100f1f61b932907.jpg</path>
	<source>
		<database>roboflow.com</database>
	</source>
	<size>
		<width>192</width>
		<height>256</height>
		<depth>3</depth>
	</size>
	<segmented>0</segmented>
	<object>
		<name>KK</name>
		<pose>Unspecified</pose>
		<truncated>0</truncated>
		<difficult>0</difficult>
		<occluded>0</occluded>
		<bndbox>
			<xmin>1</xmin>
			<xmax>193</xmax>
			<ymin>1</ymin>
			<ymax>257</ymax>
		</bndbox>
	</object>
</annotation>
