<annotation>
	<folder></folder>
	<filename>download-7-_jpeg.rf.f39b6f6d14cabb8d0795185e7f0bb476.jpg</filename>
	<path>download-7-_jpeg.rf.f39b6f6d14cabb8d0795185e7f0bb476.jpg</path>
	<source>
		<database>roboflow.com</database>
	</source>
	<size>
		<width>255</width>
		<height>185</height>
		<depth>3</depth>
	</size>
	<segmented>0</segmented>
	<object>
		<name>KK</name>
		<pose>Unspecified</pose>
		<truncated>0</truncated>
		<difficult>0</difficult>
		<occluded>0</occluded>
		<bndbox>
			<xmin>30</xmin>
			<xmax>227</xmax>
			<ymin>1</ymin>
			<ymax>186</ymax>
		</bndbox>
	</object>
</annotation>
