<annotation>
	<folder></folder>
	<filename>download-19-_jpeg.rf.d942c1f9f1725b884a799329b708cc32.jpg</filename>
	<path>download-19-_jpeg.rf.d942c1f9f1725b884a799329b708cc32.jpg</path>
	<source>
		<database>roboflow.com</database>
	</source>
	<size>
		<width>182</width>
		<height>256</height>
		<depth>3</depth>
	</size>
	<segmented>0</segmented>
	<object>
		<name>KK</name>
		<pose>Unspecified</pose>
		<truncated>0</truncated>
		<difficult>0</difficult>
		<occluded>0</occluded>
		<bndbox>
			<xmin>1</xmin>
			<xmax>183</xmax>
			<ymin>23</ymin>
			<ymax>234</ymax>
		</bndbox>
	</object>
</annotation>
