<annotation>
	<folder></folder>
	<filename>download-51-_jpeg.rf.f6c0be8b9ea1a36e82763ab704810ece.jpg</filename>
	<path>download-51-_jpeg.rf.f6c0be8b9ea1a36e82763ab704810ece.jpg</path>
	<source>
		<database>roboflow.com</database>
	</source>
	<size>
		<width>144</width>
		<height>256</height>
		<depth>3</depth>
	</size>
	<segmented>0</segmented>
	<object>
		<name>KK</name>
		<pose>Unspecified</pose>
		<truncated>0</truncated>
		<difficult>0</difficult>
		<occluded>0</occluded>
		<bndbox>
			<xmin>1</xmin>
			<xmax>145</xmax>
			<ymin>9</ymin>
			<ymax>253</ymax>
		</bndbox>
	</object>
</annotation>
