<annotation>
	<folder></folder>
	<filename>download-18-_jpeg.rf.a4b963fe74dd4362c1cceb05b99babe5.jpg</filename>
	<path>download-18-_jpeg.rf.a4b963fe74dd4362c1cceb05b99babe5.jpg</path>
	<source>
		<database>roboflow.com</database>
	</source>
	<size>
		<width>144</width>
		<height>256</height>
		<depth>3</depth>
	</size>
	<segmented>0</segmented>
	<object>
		<name>KK</name>
		<pose>Unspecified</pose>
		<truncated>0</truncated>
		<difficult>0</difficult>
		<occluded>0</occluded>
		<bndbox>
			<xmin>1</xmin>
			<xmax>145</xmax>
			<ymin>48</ymin>
			<ymax>204</ymax>
		</bndbox>
	</object>
</annotation>
