<annotation>
	<folder></folder>
	<filename>download-26-_jpeg.rf.b10f799d1da80e62d812cd6dd739194d.jpg</filename>
	<path>download-26-_jpeg.rf.b10f799d1da80e62d812cd6dd739194d.jpg</path>
	<source>
		<database>roboflow.com</database>
	</source>
	<size>
		<width>256</width>
		<height>175</height>
		<depth>3</depth>
	</size>
	<segmented>0</segmented>
	<object>
		<name>KK</name>
		<pose>Unspecified</pose>
		<truncated>0</truncated>
		<difficult>0</difficult>
		<occluded>0</occluded>
		<bndbox>
			<xmin>23</xmin>
			<xmax>233</xmax>
			<ymin>1</ymin>
			<ymax>176</ymax>
		</bndbox>
	</object>
</annotation>
