<annotation>
	<folder></folder>
	<filename>download-28-_jpeg.rf.3384f4f2bd24a92ec921aa50a47823cb.jpg</filename>
	<path>download-28-_jpeg.rf.3384f4f2bd24a92ec921aa50a47823cb.jpg</path>
	<source>
		<database>roboflow.com</database>
	</source>
	<size>
		<width>144</width>
		<height>256</height>
		<depth>3</depth>
	</size>
	<segmented>0</segmented>
	<object>
		<name>KK</name>
		<pose>Unspecified</pose>
		<truncated>0</truncated>
		<difficult>0</difficult>
		<occluded>0</occluded>
		<bndbox>
			<xmin>3</xmin>
			<xmax>145</xmax>
			<ymin>10</ymin>
			<ymax>248</ymax>
		</bndbox>
	</object>
</annotation>
