<annotation>
	<folder></folder>
	<filename>download-18-_jpeg.rf.7775187e9b72a0c2861d83237d87a9a3.jpg</filename>
	<path>download-18-_jpeg.rf.7775187e9b72a0c2861d83237d87a9a3.jpg</path>
	<source>
		<database>roboflow.com</database>
	</source>
	<size>
		<width>144</width>
		<height>256</height>
		<depth>3</depth>
	</size>
	<segmented>0</segmented>
	<object>
		<name>KK</name>
		<pose>Unspecified</pose>
		<truncated>0</truncated>
		<difficult>0</difficult>
		<occluded>0</occluded>
		<bndbox>
			<xmin>2</xmin>
			<xmax>141</xmax>
			<ymin>10</ymin>
			<ymax>235</ymax>
		</bndbox>
	</object>
</annotation>
