<annotation>
	<folder></folder>
	<filename>download-59-_jpeg.rf.942aa9776c0bee5ffc3d6a69fccda7a8.jpg</filename>
	<path>download-59-_jpeg.rf.942aa9776c0bee5ffc3d6a69fccda7a8.jpg</path>
	<source>
		<database>roboflow.com</database>
	</source>
	<size>
		<width>256</width>
		<height>183</height>
		<depth>3</depth>
	</size>
	<segmented>0</segmented>
	<object>
		<name>KK</name>
		<pose>Unspecified</pose>
		<truncated>0</truncated>
		<difficult>0</difficult>
		<occluded>0</occluded>
		<bndbox>
			<xmin>1</xmin>
			<xmax>256</xmax>
			<ymin>1</ymin>
			<ymax>184</ymax>
		</bndbox>
	</object>
</annotation>
