<annotation>
	<folder></folder>
	<filename>download-59-_jpeg.rf.797ee652312524dd878878fa98ff74e6.jpg</filename>
	<path>download-59-_jpeg.rf.797ee652312524dd878878fa98ff74e6.jpg</path>
	<source>
		<database>roboflow.com</database>
	</source>
	<size>
		<width>256</width>
		<height>183</height>
		<depth>3</depth>
	</size>
	<segmented>0</segmented>
	<object>
		<name>KK</name>
		<pose>Unspecified</pose>
		<truncated>0</truncated>
		<difficult>0</difficult>
		<occluded>0</occluded>
		<bndbox>
			<xmin>5</xmin>
			<xmax>254</xmax>
			<ymin>2</ymin>
			<ymax>180</ymax>
		</bndbox>
	</object>
</annotation>
