<annotation>
	<folder></folder>
	<filename>download-47-_jpeg.rf.85a0f6c7ccf7dae61937fc34e04dda54.jpg</filename>
	<path>download-47-_jpeg.rf.85a0f6c7ccf7dae61937fc34e04dda54.jpg</path>
	<source>
		<database>roboflow.com</database>
	</source>
	<size>
		<width>255</width>
		<height>192</height>
		<depth>3</depth>
	</size>
	<segmented>0</segmented>
	<object>
		<name>KK</name>
		<pose>Unspecified</pose>
		<truncated>0</truncated>
		<difficult>0</difficult>
		<occluded>0</occluded>
		<bndbox>
			<xmin>1</xmin>
			<xmax>256</xmax>
			<ymin>1</ymin>
			<ymax>193</ymax>
		</bndbox>
	</object>
</annotation>
