<annotation>
	<folder></folder>
	<filename>download-46-_jpeg.rf.7f8a8b5e068039a23de7e823d3c8c4d7.jpg</filename>
	<path>download-46-_jpeg.rf.7f8a8b5e068039a23de7e823d3c8c4d7.jpg</path>
	<source>
		<database>roboflow.com</database>
	</source>
	<size>
		<width>255</width>
		<height>181</height>
		<depth>3</depth>
	</size>
	<segmented>0</segmented>
	<object>
		<name>KK</name>
		<pose>Unspecified</pose>
		<truncated>0</truncated>
		<difficult>0</difficult>
		<occluded>0</occluded>
		<bndbox>
			<xmin>21</xmin>
			<xmax>236</xmax>
			<ymin>1</ymin>
			<ymax>182</ymax>
		</bndbox>
	</object>
</annotation>
