<annotation>
	<folder></folder>
	<filename>download-33-_jpeg.rf.a8d205a8773010a9d3d11cd8cb66e226.jpg</filename>
	<path>download-33-_jpeg.rf.a8d205a8773010a9d3d11cd8cb66e226.jpg</path>
	<source>
		<database>roboflow.com</database>
	</source>
	<size>
		<width>256</width>
		<height>176</height>
		<depth>3</depth>
	</size>
	<segmented>0</segmented>
	<object>
		<name>KK</name>
		<pose>Unspecified</pose>
		<truncated>0</truncated>
		<difficult>0</difficult>
		<occluded>0</occluded>
		<bndbox>
			<xmin>1</xmin>
			<xmax>257</xmax>
			<ymin>1</ymin>
			<ymax>177</ymax>
		</bndbox>
	</object>
</annotation>
