<annotation>
	<folder></folder>
	<filename>download-34-_jpeg.rf.a5b73ae55f157add823c7d9c5502eaca.jpg</filename>
	<path>download-34-_jpeg.rf.a5b73ae55f157add823c7d9c5502eaca.jpg</path>
	<source>
		<database>roboflow.com</database>
	</source>
	<size>
		<width>144</width>
		<height>256</height>
		<depth>3</depth>
	</size>
	<segmented>0</segmented>
	<object>
		<name>KK</name>
		<pose>Unspecified</pose>
		<truncated>0</truncated>
		<difficult>0</difficult>
		<occluded>0</occluded>
		<bndbox>
			<xmin>1</xmin>
			<xmax>145</xmax>
			<ymin>51</ymin>
			<ymax>210</ymax>
		</bndbox>
	</object>
</annotation>
