<annotation>
	<folder></folder>
	<filename>download-31-_jpeg.rf.bab6b1a2f920dc18f95a67267dfe9d2e.jpg</filename>
	<path>download-31-_jpeg.rf.bab6b1a2f920dc18f95a67267dfe9d2e.jpg</path>
	<source>
		<database>roboflow.com</database>
	</source>
	<size>
		<width>255</width>
		<height>189</height>
		<depth>3</depth>
	</size>
	<segmented>0</segmented>
	<object>
		<name>KK</name>
		<pose>Unspecified</pose>
		<truncated>0</truncated>
		<difficult>0</difficult>
		<occluded>0</occluded>
		<bndbox>
			<xmin>24</xmin>
			<xmax>232</xmax>
			<ymin>1</ymin>
			<ymax>190</ymax>
		</bndbox>
	</object>
</annotation>
