<annotation>
	<folder></folder>
	<filename>download-19-_jpeg.rf.d7947b34f26a9aa0c8689d0b539a9169.jpg</filename>
	<path>download-19-_jpeg.rf.d7947b34f26a9aa0c8689d0b539a9169.jpg</path>
	<source>
		<database>roboflow.com</database>
	</source>
	<size>
		<width>182</width>
		<height>256</height>
		<depth>3</depth>
	</size>
	<segmented>0</segmented>
	<object>
		<name>KK</name>
		<pose>Unspecified</pose>
		<truncated>0</truncated>
		<difficult>0</difficult>
		<occluded>0</occluded>
		<bndbox>
			<xmin>1</xmin>
			<xmax>183</xmax>
			<ymin>32</ymin>
			<ymax>226</ymax>
		</bndbox>
	</object>
</annotation>
