<annotation>
	<folder></folder>
	<filename>download-61-_jpeg.rf.293fd66398046c14464a342a0b829de9.jpg</filename>
	<path>download-61-_jpeg.rf.293fd66398046c14464a342a0b829de9.jpg</path>
	<source>
		<database>roboflow.com</database>
	</source>
	<size>
		<width>256</width>
		<height>192</height>
		<depth>3</depth>
	</size>
	<segmented>0</segmented>
	<object>
		<name>KK</name>
		<pose>Unspecified</pose>
		<truncated>0</truncated>
		<difficult>0</difficult>
		<occluded>0</occluded>
		<bndbox>
			<xmin>1</xmin>
			<xmax>257</xmax>
			<ymin>1</ymin>
			<ymax>193</ymax>
		</bndbox>
	</object>
</annotation>
