<annotation>
	<folder></folder>
	<filename>download-12-_jpeg.rf.b0f5d9da4f88f386e6bb6c1bab79c0d1.jpg</filename>
	<path>download-12-_jpeg.rf.b0f5d9da4f88f386e6bb6c1bab79c0d1.jpg</path>
	<source>
		<database>roboflow.com</database>
	</source>
	<size>
		<width>256</width>
		<height>180</height>
		<depth>3</depth>
	</size>
	<segmented>0</segmented>
	<object>
		<name>KK</name>
		<pose>Unspecified</pose>
		<truncated>0</truncated>
		<difficult>0</difficult>
		<occluded>0</occluded>
		<bndbox>
			<xmin>1</xmin>
			<xmax>257</xmax>
			<ymin>1</ymin>
			<ymax>181</ymax>
		</bndbox>
	</object>
</annotation>
