<annotation>
	<folder></folder>
	<filename>download-39-_jpeg.rf.cb0a1f985b4f6d2454018f246ecc6f08.jpg</filename>
	<path>download-39-_jpeg.rf.cb0a1f985b4f6d2454018f246ecc6f08.jpg</path>
	<source>
		<database>roboflow.com</database>
	</source>
	<size>
		<width>256</width>
		<height>192</height>
		<depth>3</depth>
	</size>
	<segmented>0</segmented>
	<object>
		<name>KK</name>
		<pose>Unspecified</pose>
		<truncated>0</truncated>
		<difficult>0</difficult>
		<occluded>0</occluded>
		<bndbox>
			<xmin>16</xmin>
			<xmax>238</xmax>
			<ymin>1</ymin>
			<ymax>193</ymax>
		</bndbox>
	</object>
</annotation>
