<annotation>
	<folder></folder>
	<filename>download-31-_jpeg.rf.baa848e97e53ee27bc931548cf6530cf.jpg</filename>
	<path>download-31-_jpeg.rf.baa848e97e53ee27bc931548cf6530cf.jpg</path>
	<source>
		<database>roboflow.com</database>
	</source>
	<size>
		<width>255</width>
		<height>189</height>
		<depth>3</depth>
	</size>
	<segmented>0</segmented>
	<object>
		<name>KK</name>
		<pose>Unspecified</pose>
		<truncated>0</truncated>
		<difficult>0</difficult>
		<occluded>0</occluded>
		<bndbox>
			<xmin>1</xmin>
			<xmax>256</xmax>
			<ymin>1</ymin>
			<ymax>190</ymax>
		</bndbox>
	</object>
</annotation>
