<annotation>
	<folder></folder>
	<filename>download-40-_jpeg.rf.0bbca270a3b832d442709db0152d1f7a.jpg</filename>
	<path>download-40-_jpeg.rf.0bbca270a3b832d442709db0152d1f7a.jpg</path>
	<source>
		<database>roboflow.com</database>
	</source>
	<size>
		<width>256</width>
		<height>192</height>
		<depth>3</depth>
	</size>
	<segmented>0</segmented>
	<object>
		<name>KK</name>
		<pose>Unspecified</pose>
		<truncated>0</truncated>
		<difficult>0</difficult>
		<occluded>0</occluded>
		<bndbox>
			<xmin>23</xmin>
			<xmax>233</xmax>
			<ymin>1</ymin>
			<ymax>193</ymax>
		</bndbox>
	</object>
</annotation>
