<annotation>
	<folder></folder>
	<filename>download-34-_jpeg.rf.dd0b7b1cff9e18c397d6e0cec1aee825.jpg</filename>
	<path>download-34-_jpeg.rf.dd0b7b1cff9e18c397d6e0cec1aee825.jpg</path>
	<source>
		<database>roboflow.com</database>
	</source>
	<size>
		<width>144</width>
		<height>256</height>
		<depth>3</depth>
	</size>
	<segmented>0</segmented>
	<object>
		<name>KK</name>
		<pose>Unspecified</pose>
		<truncated>0</truncated>
		<difficult>0</difficult>
		<occluded>0</occluded>
		<bndbox>
			<xmin>1</xmin>
			<xmax>145</xmax>
			<ymin>53</ymin>
			<ymax>200</ymax>
		</bndbox>
	</object>
</annotation>
