<annotation>
	<folder></folder>
	<filename>download-55-_jpeg.rf.b8a57481c13e1c451fec3adc5b37c949.jpg</filename>
	<path>download-55-_jpeg.rf.b8a57481c13e1c451fec3adc5b37c949.jpg</path>
	<source>
		<database>roboflow.com</database>
	</source>
	<size>
		<width>144</width>
		<height>256</height>
		<depth>3</depth>
	</size>
	<segmented>0</segmented>
	<object>
		<name>KK</name>
		<pose>Unspecified</pose>
		<truncated>0</truncated>
		<difficult>0</difficult>
		<occluded>0</occluded>
		<bndbox>
			<xmin>8</xmin>
			<xmax>145</xmax>
			<ymin>1</ymin>
			<ymax>257</ymax>
		</bndbox>
	</object>
</annotation>
