<annotation>
	<folder></folder>
	<filename>download-47-_jpeg.rf.1f2a05c3459d3ede94efe887be16eb13.jpg</filename>
	<path>download-47-_jpeg.rf.1f2a05c3459d3ede94efe887be16eb13.jpg</path>
	<source>
		<database>roboflow.com</database>
	</source>
	<size>
		<width>255</width>
		<height>192</height>
		<depth>3</depth>
	</size>
	<segmented>0</segmented>
	<object>
		<name>KK</name>
		<pose>Unspecified</pose>
		<truncated>0</truncated>
		<difficult>0</difficult>
		<occluded>0</occluded>
		<bndbox>
			<xmin>17</xmin>
			<xmax>239</xmax>
			<ymin>1</ymin>
			<ymax>193</ymax>
		</bndbox>
	</object>
</annotation>
