<annotation>
	<folder></folder>
	<filename>download-32-_jpeg.rf.27f6819601332e0f2395e07c4953382b.jpg</filename>
	<path>download-32-_jpeg.rf.27f6819601332e0f2395e07c4953382b.jpg</path>
	<source>
		<database>roboflow.com</database>
	</source>
	<size>
		<width>255</width>
		<height>173</height>
		<depth>3</depth>
	</size>
	<segmented>0</segmented>
	<object>
		<name>KK</name>
		<pose>Unspecified</pose>
		<truncated>0</truncated>
		<difficult>0</difficult>
		<occluded>0</occluded>
		<bndbox>
			<xmin>1</xmin>
			<xmax>256</xmax>
			<ymin>1</ymin>
			<ymax>174</ymax>
		</bndbox>
	</object>
</annotation>
