<annotation>
	<folder></folder>
	<filename>download-48-_jpeg.rf.8a6a80d13182ce6338cd0f759ae40576.jpg</filename>
	<path>download-48-_jpeg.rf.8a6a80d13182ce6338cd0f759ae40576.jpg</path>
	<source>
		<database>roboflow.com</database>
	</source>
	<size>
		<width>255</width>
		<height>180</height>
		<depth>3</depth>
	</size>
	<segmented>0</segmented>
	<object>
		<name>KK</name>
		<pose>Unspecified</pose>
		<truncated>0</truncated>
		<difficult>0</difficult>
		<occluded>0</occluded>
		<bndbox>
			<xmin>18</xmin>
			<xmax>238</xmax>
			<ymin>1</ymin>
			<ymax>181</ymax>
		</bndbox>
	</object>
</annotation>
