<annotation>
	<folder></folder>
	<filename>download-22-_jpeg.rf.17f144be5aecbb202db16872fcb87a45.jpg</filename>
	<path>download-22-_jpeg.rf.17f144be5aecbb202db16872fcb87a45.jpg</path>
	<source>
		<database>roboflow.com</database>
	</source>
	<size>
		<width>192</width>
		<height>256</height>
		<depth>3</depth>
	</size>
	<segmented>0</segmented>
	<object>
		<name>KK</name>
		<pose>Unspecified</pose>
		<truncated>0</truncated>
		<difficult>0</difficult>
		<occluded>0</occluded>
		<bndbox>
			<xmin>1</xmin>
			<xmax>193</xmax>
			<ymin>26</ymin>
			<ymax>231</ymax>
		</bndbox>
	</object>
</annotation>
