<annotation>
	<folder></folder>
	<filename>download-60-_jpeg.rf.0fc737dac9bda92e3f65ca726de3b311.jpg</filename>
	<path>download-60-_jpeg.rf.0fc737dac9bda92e3f65ca726de3b311.jpg</path>
	<source>
		<database>roboflow.com</database>
	</source>
	<size>
		<width>255</width>
		<height>181</height>
		<depth>3</depth>
	</size>
	<segmented>0</segmented>
	<object>
		<name>KK</name>
		<pose>Unspecified</pose>
		<truncated>0</truncated>
		<difficult>0</difficult>
		<occluded>0</occluded>
		<bndbox>
			<xmin>20</xmin>
			<xmax>237</xmax>
			<ymin>1</ymin>
			<ymax>182</ymax>
		</bndbox>
	</object>
</annotation>
