<annotation>
	<folder></folder>
	<filename>download-61-_jpeg.rf.1cb10e503270aa30ef04e29c00f772f6.jpg</filename>
	<path>download-61-_jpeg.rf.1cb10e503270aa30ef04e29c00f772f6.jpg</path>
	<source>
		<database>roboflow.com</database>
	</source>
	<size>
		<width>256</width>
		<height>192</height>
		<depth>3</depth>
	</size>
	<segmented>0</segmented>
	<object>
		<name>KK</name>
		<pose>Unspecified</pose>
		<truncated>0</truncated>
		<difficult>0</difficult>
		<occluded>0</occluded>
		<bndbox>
			<xmin>7</xmin>
			<xmax>257</xmax>
			<ymin>8</ymin>
			<ymax>193</ymax>
		</bndbox>
	</object>
</annotation>
