<annotation>
	<folder></folder>
	<filename>download-54-_jpeg.rf.e6df9af74b0eb95d7209d96d02147038.jpg</filename>
	<path>download-54-_jpeg.rf.e6df9af74b0eb95d7209d96d02147038.jpg</path>
	<source>
		<database>roboflow.com</database>
	</source>
	<size>
		<width>255</width>
		<height>179</height>
		<depth>3</depth>
	</size>
	<segmented>0</segmented>
	<object>
		<name>KK</name>
		<pose>Unspecified</pose>
		<truncated>0</truncated>
		<difficult>0</difficult>
		<occluded>0</occluded>
		<bndbox>
			<xmin>22</xmin>
			<xmax>234</xmax>
			<ymin>1</ymin>
			<ymax>180</ymax>
		</bndbox>
	</object>
</annotation>
