<annotation>
	<folder></folder>
	<filename>download-10-_jpeg.rf.a2bd94ada7eb6323faf40bfb57007857.jpg</filename>
	<path>download-10-_jpeg.rf.a2bd94ada7eb6323faf40bfb57007857.jpg</path>
	<source>
		<database>roboflow.com</database>
	</source>
	<size>
		<width>255</width>
		<height>166</height>
		<depth>3</depth>
	</size>
	<segmented>0</segmented>
	<object>
		<name>KK</name>
		<pose>Unspecified</pose>
		<truncated>0</truncated>
		<difficult>0</difficult>
		<occluded>0</occluded>
		<bndbox>
			<xmin>28</xmin>
			<xmax>228</xmax>
			<ymin>1</ymin>
			<ymax>167</ymax>
		</bndbox>
	</object>
</annotation>
