<annotation>
	<folder></folder>
	<filename>download-34-_jpeg.rf.d44f6036ebd766851f78b7d721f14c88.jpg</filename>
	<path>download-34-_jpeg.rf.d44f6036ebd766851f78b7d721f14c88.jpg</path>
	<source>
		<database>roboflow.com</database>
	</source>
	<size>
		<width>144</width>
		<height>256</height>
		<depth>3</depth>
	</size>
	<segmented>0</segmented>
	<object>
		<name>KK</name>
		<pose>Unspecified</pose>
		<truncated>0</truncated>
		<difficult>0</difficult>
		<occluded>0</occluded>
		<bndbox>
			<xmin>1</xmin>
			<xmax>141</xmax>
			<ymin>27</ymin>
			<ymax>245</ymax>
		</bndbox>
	</object>
</annotation>
