<annotation>
	<folder></folder>
	<filename>download-43-_jpeg.rf.b84521403f3dde37d6903523b131159f.jpg</filename>
	<path>download-43-_jpeg.rf.b84521403f3dde37d6903523b131159f.jpg</path>
	<source>
		<database>roboflow.com</database>
	</source>
	<size>
		<width>192</width>
		<height>256</height>
		<depth>3</depth>
	</size>
	<segmented>0</segmented>
	<object>
		<name>KK</name>
		<pose>Unspecified</pose>
		<truncated>0</truncated>
		<difficult>0</difficult>
		<occluded>0</occluded>
		<bndbox>
			<xmin>2</xmin>
			<xmax>173</xmax>
			<ymin>1</ymin>
			<ymax>257</ymax>
		</bndbox>
	</object>
</annotation>
