<annotation>
	<folder></folder>
	<filename>download-9-_jpeg.rf.d0dd7605c61efbca1b6e9a3a75b70a62.jpg</filename>
	<path>download-9-_jpeg.rf.d0dd7605c61efbca1b6e9a3a75b70a62.jpg</path>
	<source>
		<database>roboflow.com</database>
	</source>
	<size>
		<width>177</width>
		<height>256</height>
		<depth>3</depth>
	</size>
	<segmented>0</segmented>
	<object>
		<name>KK</name>
		<pose>Unspecified</pose>
		<truncated>0</truncated>
		<difficult>0</difficult>
		<occluded>0</occluded>
		<bndbox>
			<xmin>1</xmin>
			<xmax>178</xmax>
			<ymin>1</ymin>
			<ymax>257</ymax>
		</bndbox>
	</object>
</annotation>
