<annotation>
	<folder></folder>
	<filename>download-14-_jpeg.rf.fd5ff8a325301f96f490ad0d9cf21d75.jpg</filename>
	<path>download-14-_jpeg.rf.fd5ff8a325301f96f490ad0d9cf21d75.jpg</path>
	<source>
		<database>roboflow.com</database>
	</source>
	<size>
		<width>255</width>
		<height>183</height>
		<depth>3</depth>
	</size>
	<segmented>0</segmented>
	<object>
		<name>KK</name>
		<pose>Unspecified</pose>
		<truncated>0</truncated>
		<difficult>0</difficult>
		<occluded>0</occluded>
		<bndbox>
			<xmin>34</xmin>
			<xmax>223</xmax>
			<ymin>1</ymin>
			<ymax>184</ymax>
		</bndbox>
	</object>
</annotation>
