<annotation>
	<folder></folder>
	<filename>download-16-_jpeg.rf.07ac6db18779860802b5f13fd739a5f2.jpg</filename>
	<path>download-16-_jpeg.rf.07ac6db18779860802b5f13fd739a5f2.jpg</path>
	<source>
		<database>roboflow.com</database>
	</source>
	<size>
		<width>185</width>
		<height>255</height>
		<depth>3</depth>
	</size>
	<segmented>0</segmented>
	<object>
		<name>KK</name>
		<pose>Unspecified</pose>
		<truncated>0</truncated>
		<difficult>0</difficult>
		<occluded>0</occluded>
		<bndbox>
			<xmin>1</xmin>
			<xmax>186</xmax>
			<ymin>1</ymin>
			<ymax>256</ymax>
		</bndbox>
	</object>
</annotation>
