<annotation>
	<folder></folder>
	<filename>download-7-_jpeg.rf.57900fbbc9426d034c96324d66e2ada4.jpg</filename>
	<path>download-7-_jpeg.rf.57900fbbc9426d034c96324d66e2ada4.jpg</path>
	<source>
		<database>roboflow.com</database>
	</source>
	<size>
		<width>255</width>
		<height>185</height>
		<depth>3</depth>
	</size>
	<segmented>0</segmented>
	<object>
		<name>KK</name>
		<pose>Unspecified</pose>
		<truncated>0</truncated>
		<difficult>0</difficult>
		<occluded>0</occluded>
		<bndbox>
			<xmin>1</xmin>
			<xmax>256</xmax>
			<ymin>1</ymin>
			<ymax>186</ymax>
		</bndbox>
	</object>
</annotation>
