<annotation>
	<folder></folder>
	<filename>download-14-_jpeg.rf.120f36b5c7e1a9def29864198e850e6d.jpg</filename>
	<path>download-14-_jpeg.rf.120f36b5c7e1a9def29864198e850e6d.jpg</path>
	<source>
		<database>roboflow.com</database>
	</source>
	<size>
		<width>255</width>
		<height>183</height>
		<depth>3</depth>
	</size>
	<segmented>0</segmented>
	<object>
		<name>KK</name>
		<pose>Unspecified</pose>
		<truncated>0</truncated>
		<difficult>0</difficult>
		<occluded>0</occluded>
		<bndbox>
			<xmin>1</xmin>
			<xmax>256</xmax>
			<ymin>1</ymin>
			<ymax>184</ymax>
		</bndbox>
	</object>
</annotation>
