<annotation>
	<folder></folder>
	<filename>download-12-_jpeg.rf.c8602d6fbaf0b630c73f8cedb3c281b7.jpg</filename>
	<path>download-12-_jpeg.rf.c8602d6fbaf0b630c73f8cedb3c281b7.jpg</path>
	<source>
		<database>roboflow.com</database>
	</source>
	<size>
		<width>256</width>
		<height>180</height>
		<depth>3</depth>
	</size>
	<segmented>0</segmented>
	<object>
		<name>KK</name>
		<pose>Unspecified</pose>
		<truncated>0</truncated>
		<difficult>0</difficult>
		<occluded>0</occluded>
		<bndbox>
			<xmin>19</xmin>
			<xmax>239</xmax>
			<ymin>1</ymin>
			<ymax>181</ymax>
		</bndbox>
	</object>
</annotation>
