<annotation>
	<folder></folder>
	<filename>download-46-_jpeg.rf.572740bba00ac05f135207a03d18f3cb.jpg</filename>
	<path>download-46-_jpeg.rf.572740bba00ac05f135207a03d18f3cb.jpg</path>
	<source>
		<database>roboflow.com</database>
	</source>
	<size>
		<width>255</width>
		<height>181</height>
		<depth>3</depth>
	</size>
	<segmented>0</segmented>
	<object>
		<name>KK</name>
		<pose>Unspecified</pose>
		<truncated>0</truncated>
		<difficult>0</difficult>
		<occluded>0</occluded>
		<bndbox>
			<xmin>1</xmin>
			<xmax>256</xmax>
			<ymin>1</ymin>
			<ymax>182</ymax>
		</bndbox>
	</object>
</annotation>
