<annotation>
	<folder></folder>
	<filename>download-32-_jpeg.rf.111eac2a65f2f7209c9b10a0bb2fa0f3.jpg</filename>
	<path>download-32-_jpeg.rf.111eac2a65f2f7209c9b10a0bb2fa0f3.jpg</path>
	<source>
		<database>roboflow.com</database>
	</source>
	<size>
		<width>255</width>
		<height>173</height>
		<depth>3</depth>
	</size>
	<segmented>0</segmented>
	<object>
		<name>KK</name>
		<pose>Unspecified</pose>
		<truncated>0</truncated>
		<difficult>0</difficult>
		<occluded>0</occluded>
		<bndbox>
			<xmin>27</xmin>
			<xmax>230</xmax>
			<ymin>1</ymin>
			<ymax>174</ymax>
		</bndbox>
	</object>
</annotation>
