<annotation>
	<folder></folder>
	<filename>download-51-_jpeg.rf.d93ff1a6e58bcf2abd81faae05bf9cf6.jpg</filename>
	<path>download-51-_jpeg.rf.d93ff1a6e58bcf2abd81faae05bf9cf6.jpg</path>
	<source>
		<database>roboflow.com</database>
	</source>
	<size>
		<width>144</width>
		<height>256</height>
		<depth>3</depth>
	</size>
	<segmented>0</segmented>
	<object>
		<name>KK</name>
		<pose>Unspecified</pose>
		<truncated>0</truncated>
		<difficult>0</difficult>
		<occluded>0</occluded>
		<bndbox>
			<xmin>1</xmin>
			<xmax>145</xmax>
			<ymin>46</ymin>
			<ymax>211</ymax>
		</bndbox>
	</object>
</annotation>
