<annotation>
	<folder></folder>
	<filename>download-15-_jpeg.rf.c1d71a64cf1bb8b4a3bdc73462f5ff4c.jpg</filename>
	<path>download-15-_jpeg.rf.c1d71a64cf1bb8b4a3bdc73462f5ff4c.jpg</path>
	<source>
		<database>roboflow.com</database>
	</source>
	<size>
		<width>192</width>
		<height>256</height>
		<depth>3</depth>
	</size>
	<segmented>0</segmented>
	<object>
		<name>KK</name>
		<pose>Unspecified</pose>
		<truncated>0</truncated>
		<difficult>0</difficult>
		<occluded>0</occluded>
		<bndbox>
			<xmin>1</xmin>
			<xmax>193</xmax>
			<ymin>31</ymin>
			<ymax>217</ymax>
		</bndbox>
	</object>
</annotation>
