<annotation>
	<folder></folder>
	<filename>download-10-_jpeg.rf.22809e7aafcbb4a7a74666a31dad79ad.jpg</filename>
	<path>download-10-_jpeg.rf.22809e7aafcbb4a7a74666a31dad79ad.jpg</path>
	<source>
		<database>roboflow.com</database>
	</source>
	<size>
		<width>255</width>
		<height>166</height>
		<depth>3</depth>
	</size>
	<segmented>0</segmented>
	<object>
		<name>KK</name>
		<pose>Unspecified</pose>
		<truncated>0</truncated>
		<difficult>0</difficult>
		<occluded>0</occluded>
		<bndbox>
			<xmin>1</xmin>
			<xmax>256</xmax>
			<ymin>1</ymin>
			<ymax>167</ymax>
		</bndbox>
	</object>
</annotation>
