<annotation>
	<folder></folder>
	<filename>download-26-_jpeg.rf.e4e7773de502783cf51efbc28c272626.jpg</filename>
	<path>download-26-_jpeg.rf.e4e7773de502783cf51efbc28c272626.jpg</path>
	<source>
		<database>roboflow.com</database>
	</source>
	<size>
		<width>256</width>
		<height>175</height>
		<depth>3</depth>
	</size>
	<segmented>0</segmented>
	<object>
		<name>KK</name>
		<pose>Unspecified</pose>
		<truncated>0</truncated>
		<difficult>0</difficult>
		<occluded>0</occluded>
		<bndbox>
			<xmin>36</xmin>
			<xmax>220</xmax>
			<ymin>1</ymin>
			<ymax>176</ymax>
		</bndbox>
	</object>
</annotation>
