<annotation>
	<folder></folder>
	<filename>IMG-20221218-WA0014_jpg.rf.dc544e4da6814744462f3b5ce62d3f7e.jpg</filename>
	<path>IMG-20221218-WA0014_jpg.rf.dc544e4da6814744462f3b5ce62d3f7e.jpg</path>
	<source>
		<database>roboflow.com</database>
	</source>
	<size>
		<width>256</width>
		<height>256</height>
		<depth>3</depth>
	</size>
	<segmented>0</segmented>
	<object>
		<name>KTP</name>
		<pose>Unspecified</pose>
		<truncated>0</truncated>
		<difficult>0</difficult>
		<occluded>0</occluded>
		<bndbox>
			<xmin>16</xmin>
			<xmax>244</xmax>
			<ymin>1</ymin>
			<ymax>245</ymax>
		</bndbox>
	</object>
</annotation>
