<annotation>
	<folder></folder>
	<filename>IMG-20221218-WA0015_jpg.rf.652a63a0c79a212b68c6a48943bb0a04.jpg</filename>
	<path>IMG-20221218-WA0015_jpg.rf.652a63a0c79a212b68c6a48943bb0a04.jpg</path>
	<source>
		<database>roboflow.com</database>
	</source>
	<size>
		<width>256</width>
		<height>256</height>
		<depth>3</depth>
	</size>
	<segmented>0</segmented>
	<object>
		<name>KTP</name>
		<pose>Unspecified</pose>
		<truncated>0</truncated>
		<difficult>0</difficult>
		<occluded>0</occluded>
		<bndbox>
			<xmin>19</xmin>
			<xmax>244</xmax>
			<ymin>6</ymin>
			<ymax>250</ymax>
		</bndbox>
	</object>
</annotation>
