<annotation>
	<folder></folder>
	<filename>IMG-20221218-WA0015_jpg.rf.c821160487d854eba1054d6dddc2136d.jpg</filename>
	<path>IMG-20221218-WA0015_jpg.rf.c821160487d854eba1054d6dddc2136d.jpg</path>
	<source>
		<database>roboflow.com</database>
	</source>
	<size>
		<width>256</width>
		<height>256</height>
		<depth>3</depth>
	</size>
	<segmented>0</segmented>
	<object>
		<name>KTP</name>
		<pose>Unspecified</pose>
		<truncated>0</truncated>
		<difficult>0</difficult>
		<occluded>0</occluded>
		<bndbox>
			<xmin>27</xmin>
			<xmax>236</xmax>
			<ymin>13</ymin>
			<ymax>243</ymax>
		</bndbox>
	</object>
</annotation>
