<annotation>
	<folder></folder>
	<filename>IMG-20221218-WA0014_jpg.rf.048d510b586bec003788eb5671453b20.jpg</filename>
	<path>IMG-20221218-WA0014_jpg.rf.048d510b586bec003788eb5671453b20.jpg</path>
	<source>
		<database>roboflow.com</database>
	</source>
	<size>
		<width>256</width>
		<height>256</height>
		<depth>3</depth>
	</size>
	<segmented>0</segmented>
	<object>
		<name>KTP</name>
		<pose>Unspecified</pose>
		<truncated>0</truncated>
		<difficult>0</difficult>
		<occluded>0</occluded>
		<bndbox>
			<xmin>40</xmin>
			<xmax>220</xmax>
			<ymin>32</ymin>
			<ymax>240</ymax>
		</bndbox>
	</object>
</annotation>
