<annotation>
	<folder></folder>
	<filename>IMG-20221206-WA0040_jpg.rf.be04b19178bd9483eb3ef64a21a8bde3.jpg</filename>
	<path>IMG-20221206-WA0040_jpg.rf.be04b19178bd9483eb3ef64a21a8bde3.jpg</path>
	<source>
		<database>roboflow.com</database>
	</source>
	<size>
		<width>256</width>
		<height>256</height>
		<depth>3</depth>
	</size>
	<segmented>0</segmented>
	<object>
		<name>KTP</name>
		<pose>Unspecified</pose>
		<truncated>0</truncated>
		<difficult>0</difficult>
		<occluded>0</occluded>
		<bndbox>
			<xmin>1</xmin>
			<xmax>257</xmax>
			<ymin>12</ymin>
			<ymax>249</ymax>
		</bndbox>
	</object>
</annotation>
