<annotation>
	<folder></folder>
	<filename>IMG-20221216-WA0038_jpg.rf.beb333a9040f464e83285de8e07cb2c5.jpg</filename>
	<path>IMG-20221216-WA0038_jpg.rf.beb333a9040f464e83285de8e07cb2c5.jpg</path>
	<source>
		<database>roboflow.com</database>
	</source>
	<size>
		<width>256</width>
		<height>256</height>
		<depth>3</depth>
	</size>
	<segmented>0</segmented>
	<object>
		<name>KTP</name>
		<pose>Unspecified</pose>
		<truncated>0</truncated>
		<difficult>0</difficult>
		<occluded>0</occluded>
		<bndbox>
			<xmin>2</xmin>
			<xmax>255</xmax>
			<ymin>12</ymin>
			<ymax>240</ymax>
		</bndbox>
	</object>
</annotation>
