<annotation>
	<folder></folder>
	<filename>IMG-20221206-WA0040_jpg.rf.dc8717ad7cf40cba949ae24e766512c4.jpg</filename>
	<path>IMG-20221206-WA0040_jpg.rf.dc8717ad7cf40cba949ae24e766512c4.jpg</path>
	<source>
		<database>roboflow.com</database>
	</source>
	<size>
		<width>256</width>
		<height>256</height>
		<depth>3</depth>
	</size>
	<segmented>0</segmented>
	<object>
		<name>KTP</name>
		<pose>Unspecified</pose>
		<truncated>0</truncated>
		<difficult>0</difficult>
		<occluded>0</occluded>
		<bndbox>
			<xmin>17</xmin>
			<xmax>255</xmax>
			<ymin>38</ymin>
			<ymax>229</ymax>
		</bndbox>
	</object>
</annotation>
