<annotation>
	<folder></folder>
	<filename>IMG-20221220-WA0001_jpg.rf.cf35161c35a479f18a26e15a43db0855.jpg</filename>
	<path>IMG-20221220-WA0001_jpg.rf.cf35161c35a479f18a26e15a43db0855.jpg</path>
	<source>
		<database>roboflow.com</database>
	</source>
	<size>
		<width>256</width>
		<height>256</height>
		<depth>3</depth>
	</size>
	<segmented>0</segmented>
	<object>
		<name>KTP</name>
		<pose>Unspecified</pose>
		<truncated>0</truncated>
		<difficult>0</difficult>
		<occluded>0</occluded>
		<bndbox>
			<xmin>4</xmin>
			<xmax>252</xmax>
			<ymin>2</ymin>
			<ymax>255</ymax>
		</bndbox>
	</object>
</annotation>
