<annotation>
	<folder></folder>
	<filename>IMG-20221220-WA0005_jpg.rf.428c5b9879e94ee6f318ae25ad9572bc.jpg</filename>
	<path>IMG-20221220-WA0005_jpg.rf.428c5b9879e94ee6f318ae25ad9572bc.jpg</path>
	<source>
		<database>roboflow.com</database>
	</source>
	<size>
		<width>256</width>
		<height>256</height>
		<depth>3</depth>
	</size>
	<segmented>0</segmented>
	<object>
		<name>KTP</name>
		<pose>Unspecified</pose>
		<truncated>0</truncated>
		<difficult>0</difficult>
		<occluded>0</occluded>
		<bndbox>
			<xmin>3</xmin>
			<xmax>253</xmax>
			<ymin>9</ymin>
			<ymax>254</ymax>
		</bndbox>
	</object>
</annotation>
