<annotation>
	<folder></folder>
	<filename>IMG-20221219-WA0017_jpg.rf.3b90b527c8d8667297343cf559b882f5.jpg</filename>
	<path>IMG-20221219-WA0017_jpg.rf.3b90b527c8d8667297343cf559b882f5.jpg</path>
	<source>
		<database>roboflow.com</database>
	</source>
	<size>
		<width>256</width>
		<height>256</height>
		<depth>3</depth>
	</size>
	<segmented>0</segmented>
	<object>
		<name>KTP</name>
		<pose>Unspecified</pose>
		<truncated>0</truncated>
		<difficult>0</difficult>
		<occluded>0</occluded>
		<bndbox>
			<xmin>5</xmin>
			<xmax>257</xmax>
			<ymin>1</ymin>
			<ymax>251</ymax>
		</bndbox>
	</object>
</annotation>
