<annotation>
	<folder></folder>
	<filename>IMG-20221206-WA0040_jpg.rf.c6d4ae7f147754f7d5474487a059817f.jpg</filename>
	<path>IMG-20221206-WA0040_jpg.rf.c6d4ae7f147754f7d5474487a059817f.jpg</path>
	<source>
		<database>roboflow.com</database>
	</source>
	<size>
		<width>256</width>
		<height>256</height>
		<depth>3</depth>
	</size>
	<segmented>0</segmented>
	<object>
		<name>KTP</name>
		<pose>Unspecified</pose>
		<truncated>0</truncated>
		<difficult>0</difficult>
		<occluded>0</occluded>
		<bndbox>
			<xmin>20</xmin>
			<xmax>252</xmax>
			<ymin>42</ymin>
			<ymax>225</ymax>
		</bndbox>
	</object>
</annotation>
