<annotation>
	<folder></folder>
	<filename>IMG-20221206-WA0040_jpg.rf.1210d01f1de46488eca7ea40fcd2c4a6.jpg</filename>
	<path>IMG-20221206-WA0040_jpg.rf.1210d01f1de46488eca7ea40fcd2c4a6.jpg</path>
	<source>
		<database>roboflow.com</database>
	</source>
	<size>
		<width>256</width>
		<height>256</height>
		<depth>3</depth>
	</size>
	<segmented>0</segmented>
	<object>
		<name>KTP</name>
		<pose>Unspecified</pose>
		<truncated>0</truncated>
		<difficult>0</difficult>
		<occluded>0</occluded>
		<bndbox>
			<xmin>1</xmin>
			<xmax>253</xmax>
			<ymin>13</ymin>
			<ymax>234</ymax>
		</bndbox>
	</object>
</annotation>
