<annotation>
	<folder></folder>
	<filename>IMG-20221219-WA0040_jpg.rf.9bb7279283a69178e9ab088b65781f8c.jpg</filename>
	<path>IMG-20221219-WA0040_jpg.rf.9bb7279283a69178e9ab088b65781f8c.jpg</path>
	<source>
		<database>roboflow.com</database>
	</source>
	<size>
		<width>256</width>
		<height>256</height>
		<depth>3</depth>
	</size>
	<segmented>0</segmented>
	<object>
		<name>KTP</name>
		<pose>Unspecified</pose>
		<truncated>0</truncated>
		<difficult>0</difficult>
		<occluded>0</occluded>
		<bndbox>
			<xmin>1</xmin>
			<xmax>257</xmax>
			<ymin>1</ymin>
			<ymax>257</ymax>
		</bndbox>
	</object>
</annotation>
