<annotation>
	<folder></folder>
	<filename>IMG-20221218-WA0008_jpg.rf.d64e7d7e937b2738bd6428a12ae047b6.jpg</filename>
	<path>IMG-20221218-WA0008_jpg.rf.d64e7d7e937b2738bd6428a12ae047b6.jpg</path>
	<source>
		<database>roboflow.com</database>
	</source>
	<size>
		<width>256</width>
		<height>256</height>
		<depth>3</depth>
	</size>
	<segmented>0</segmented>
	<object>
		<name>KTP</name>
		<pose>Unspecified</pose>
		<truncated>0</truncated>
		<difficult>0</difficult>
		<occluded>0</occluded>
		<bndbox>
			<xmin>4</xmin>
			<xmax>257</xmax>
			<ymin>4</ymin>
			<ymax>253</ymax>
		</bndbox>
	</object>
</annotation>
