<annotation>
	<folder></folder>
	<filename>IMG-20221218-WA0014_jpg.rf.f922c91eef190fbad0797ad049e4d0b2.jpg</filename>
	<path>IMG-20221218-WA0014_jpg.rf.f922c91eef190fbad0797ad049e4d0b2.jpg</path>
	<source>
		<database>roboflow.com</database>
	</source>
	<size>
		<width>256</width>
		<height>256</height>
		<depth>3</depth>
	</size>
	<segmented>0</segmented>
	<object>
		<name>KTP</name>
		<pose>Unspecified</pose>
		<truncated>0</truncated>
		<difficult>0</difficult>
		<occluded>0</occluded>
		<bndbox>
			<xmin>32</xmin>
			<xmax>223</xmax>
			<ymin>14</ymin>
			<ymax>231</ymax>
		</bndbox>
	</object>
</annotation>
