<annotation>
	<folder></folder>
	<filename>IMG-20221219-WA0038_jpg.rf.463be93062c80aa8842d65557a4d303d.jpg</filename>
	<path>IMG-20221219-WA0038_jpg.rf.463be93062c80aa8842d65557a4d303d.jpg</path>
	<source>
		<database>roboflow.com</database>
	</source>
	<size>
		<width>256</width>
		<height>256</height>
		<depth>3</depth>
	</size>
	<segmented>0</segmented>
	<object>
		<name>KTP</name>
		<pose>Unspecified</pose>
		<truncated>0</truncated>
		<difficult>0</difficult>
		<occluded>0</occluded>
		<bndbox>
			<xmin>15</xmin>
			<xmax>248</xmax>
			<ymin>12</ymin>
			<ymax>235</ymax>
		</bndbox>
	</object>
</annotation>
