<annotation>
	<folder></folder>
	<filename>IMG-20221219-WA0033_jpg.rf.89a3b27f752c594c92bcc0e4d5f6e29a.jpg</filename>
	<path>IMG-20221219-WA0033_jpg.rf.89a3b27f752c594c92bcc0e4d5f6e29a.jpg</path>
	<source>
		<database>roboflow.com</database>
	</source>
	<size>
		<width>256</width>
		<height>256</height>
		<depth>3</depth>
	</size>
	<segmented>0</segmented>
	<object>
		<name>KTP</name>
		<pose>Unspecified</pose>
		<truncated>0</truncated>
		<difficult>0</difficult>
		<occluded>0</occluded>
		<bndbox>
			<xmin>1</xmin>
			<xmax>255</xmax>
			<ymin>2</ymin>
			<ymax>252</ymax>
		</bndbox>
	</object>
</annotation>
