<annotation>
	<folder></folder>
	<filename>IMG-20221206-WA0025_jpg.rf.42e4c93763d295e45016ec63431c9041.jpg</filename>
	<path>IMG-20221206-WA0025_jpg.rf.42e4c93763d295e45016ec63431c9041.jpg</path>
	<source>
		<database>roboflow.com</database>
	</source>
	<size>
		<width>256</width>
		<height>256</height>
		<depth>3</depth>
	</size>
	<segmented>0</segmented>
	<object>
		<name>KTP</name>
		<pose>Unspecified</pose>
		<truncated>0</truncated>
		<difficult>0</difficult>
		<occluded>0</occluded>
		<bndbox>
			<xmin>1</xmin>
			<xmax>257</xmax>
			<ymin>10</ymin>
			<ymax>255</ymax>
		</bndbox>
	</object>
</annotation>
