<annotation>
	<folder></folder>
	<filename>IMG-20221219-WA0040_jpg.rf.9f895c10279cbbdc8480c5fa6924966e.jpg</filename>
	<path>IMG-20221219-WA0040_jpg.rf.9f895c10279cbbdc8480c5fa6924966e.jpg</path>
	<source>
		<database>roboflow.com</database>
	</source>
	<size>
		<width>256</width>
		<height>256</height>
		<depth>3</depth>
	</size>
	<segmented>0</segmented>
	<object>
		<name>KTP</name>
		<pose>Unspecified</pose>
		<truncated>0</truncated>
		<difficult>0</difficult>
		<occluded>0</occluded>
		<bndbox>
			<xmin>2</xmin>
			<xmax>254</xmax>
			<ymin>1</ymin>
			<ymax>257</ymax>
		</bndbox>
	</object>
</annotation>
