<annotation>
	<folder></folder>
	<filename>IMG-20221206-WA0040_jpg.rf.caa20a9bf5502fa6f3b657f0ca81e8e9.jpg</filename>
	<path>IMG-20221206-WA0040_jpg.rf.caa20a9bf5502fa6f3b657f0ca81e8e9.jpg</path>
	<source>
		<database>roboflow.com</database>
	</source>
	<size>
		<width>256</width>
		<height>256</height>
		<depth>3</depth>
	</size>
	<segmented>0</segmented>
	<object>
		<name>KTP</name>
		<pose>Unspecified</pose>
		<truncated>0</truncated>
		<difficult>0</difficult>
		<occluded>0</occluded>
		<bndbox>
			<xmin>17</xmin>
			<xmax>234</xmax>
			<ymin>7</ymin>
			<ymax>257</ymax>
		</bndbox>
	</object>
</annotation>
