<annotation>
	<folder></folder>
	<filename>IMG-20221218-WA0015_jpg.rf.80118332828e8d9fa965f1a671901502.jpg</filename>
	<path>IMG-20221218-WA0015_jpg.rf.80118332828e8d9fa965f1a671901502.jpg</path>
	<source>
		<database>roboflow.com</database>
	</source>
	<size>
		<width>256</width>
		<height>256</height>
		<depth>3</depth>
	</size>
	<segmented>0</segmented>
	<object>
		<name>KTP</name>
		<pose>Unspecified</pose>
		<truncated>0</truncated>
		<difficult>0</difficult>
		<occluded>0</occluded>
		<bndbox>
			<xmin>13</xmin>
			<xmax>241</xmax>
			<ymin>7</ymin>
			<ymax>254</ymax>
		</bndbox>
	</object>
</annotation>
