<annotation>
	<folder></folder>
	<filename>IMG-20221218-WA0015_jpg.rf.ec341814940cd1a95a5ab79dac16e625.jpg</filename>
	<path>IMG-20221218-WA0015_jpg.rf.ec341814940cd1a95a5ab79dac16e625.jpg</path>
	<source>
		<database>roboflow.com</database>
	</source>
	<size>
		<width>256</width>
		<height>256</height>
		<depth>3</depth>
	</size>
	<segmented>0</segmented>
	<object>
		<name>KTP</name>
		<pose>Unspecified</pose>
		<truncated>0</truncated>
		<difficult>0</difficult>
		<occluded>0</occluded>
		<bndbox>
			<xmin>10</xmin>
			<xmax>245</xmax>
			<ymin>3</ymin>
			<ymax>257</ymax>
		</bndbox>
	</object>
</annotation>
