<annotation>
	<folder></folder>
	<filename>IMG-20221219-WA0040_jpg.rf.53e2b83c354008f12d74da8dee04a395.jpg</filename>
	<path>IMG-20221219-WA0040_jpg.rf.53e2b83c354008f12d74da8dee04a395.jpg</path>
	<source>
		<database>roboflow.com</database>
	</source>
	<size>
		<width>256</width>
		<height>256</height>
		<depth>3</depth>
	</size>
	<segmented>0</segmented>
	<object>
		<name>KTP</name>
		<pose>Unspecified</pose>
		<truncated>0</truncated>
		<difficult>0</difficult>
		<occluded>0</occluded>
		<bndbox>
			<xmin>3</xmin>
			<xmax>257</xmax>
			<ymin>9</ymin>
			<ymax>252</ymax>
		</bndbox>
	</object>
</annotation>
