<annotation>
	<folder></folder>
	<filename>IMG-20221218-WA0014_jpg.rf.9a1d3f1b8ea5fec2dd0a6fc9f36977a3.jpg</filename>
	<path>IMG-20221218-WA0014_jpg.rf.9a1d3f1b8ea5fec2dd0a6fc9f36977a3.jpg</path>
	<source>
		<database>roboflow.com</database>
	</source>
	<size>
		<width>256</width>
		<height>256</height>
		<depth>3</depth>
	</size>
	<segmented>0</segmented>
	<object>
		<name>KTP</name>
		<pose>Unspecified</pose>
		<truncated>0</truncated>
		<difficult>0</difficult>
		<occluded>0</occluded>
		<bndbox>
			<xmin>22</xmin>
			<xmax>232</xmax>
			<ymin>5</ymin>
			<ymax>239</ymax>
		</bndbox>
	</object>
</annotation>
